Cycles to Failure,Stress Amplitude,ingot shape,Frequency,stress concentration factor of specimens,fatigue environment,atomic-level structure,critical cross-section size of specimens (mm),type of the material,surface treatment,R-value,Young's modulus  (GPa),grain size (μm),ultimate tensile strength  (MPa),elongation  (%),load control,fatigue temperature  (°C),glass transition temperature (°C),yield strength  (MPa),log10(Cycles to Failure),Material_Code,Maximum Stress,Minimum Stress,Ca,Zn,Mg,Zr,Cu,Al,Ni,Ti,Be,Nb,Ag,Co,Fe,B1,Si,B2,Sr,Pd,Er,Cr,Mn,C0
2028.11953086952,300.018386178601,circular,1.3,1,air,amorphous,1.2,metallic glass,,0.5,90,0,,,force,25,,,3.30709354734141,Dataset ID 3,1200.0735447144,600.036772357202,0,0,0,55,30,10,5,0,0,0,0,0,0,0,0,0,0,0,0,0,0,0
5537.33970221505,249.817385866166,circular,1.3,1,air,amorphous,1.2,metallic glass,,0.5,90,0,,,force,25,,,3.74330116723093,Dataset ID 3,999.269543464664,499.634771732332,0,0,0,55,30,10,5,0,0,0,0,0,0,0,0,0,0,0,0,0,0,0
15935.851911529,200.270927101459,circular,1.3,1,air,amorphous,1.2,metallic glass,,0.5,90,0,,,force,25,,,4.20237528529244,Dataset ID 3,801.083708405836,400.541854202918,0,0,0,55,30,10,5,0,0,0,0,0,0,0,0,0,0,0,0,0,0,0
3299.96180058328,499.981964534286,circular,1.3,1,air,amorphous,1.2,metallic glass,,0.5,90,0,,,force,25,,,3.51850891263791,Dataset ID 4,1999.92785813714,999.963929068572,0,0,0,55,30,10,5,0,0,0,0,0,0,0,0,0,0,0,0,0,0,0
6104.13062551056,449.688729145921,circular,1.3,1,air,amorphous,1.2,metallic glass,,0.5,90,0,,,force,25,,,3.78562381874293,Dataset ID 4,1798.75491658368,899.377458291842,0,0,0,55,30,10,5,0,0,0,0,0,0,0,0,0,0,0,0,0,0,0
8203.68010454874,424.95009723543,circular,1.3,1,air,amorphous,1.2,metallic glass,,0.5,90,0,,,force,25,,,3.91400871708663,Dataset ID 4,1699.80038894172,849.90019447086,0,0,0,55,30,10,5,0,0,0,0,0,0,0,0,0,0,0,0,0,0,0
16923.8074085624,327.185500628806,rectangular,10,1,air,amorphous + 50 vol.% Zr71Ti16.3Nb10Cu1.8Ni0.9,3.5,metallic glass,machine,0.1,,0,1523,,force,25,,,4.22849807445443,Dataset ID 10,727.078890286236,72.7078890286236,0,0,0,56.2,6.9,0,5.6,13.8,12.5,5,0,0,0,0,0,0,0,0,0,0,0,0
27738.7191029021,285.321216068884,rectangular,10,1,air,amorphous + 50 vol.% Zr71Ti16.3Nb10Cu1.8Ni0.9,3.5,metallic glass,machine,0.1,,0,1523,,force,25,,,4.44308640268589,Dataset ID 10,634.047146819742,63.4047146819742,0,0,0,56.2,6.9,0,5.6,13.8,12.5,5,0,0,0,0,0,0,0,0,0,0,0,0
54704.6062595771,245.141294708596,rectangular,10,1,air,amorphous + 50 vol.% Zr71Ti16.3Nb10Cu1.8Ni0.9,3.5,metallic glass,machine,0.1,,0,1523,,force,25,,,4.73802389651427,Dataset ID 10,544.758432685769,54.4758432685769,0,0,0,56.2,6.9,0,5.6,13.8,12.5,5,0,0,0,0,0,0,0,0,0,0,0,0
136283.156627745,204.524613671956,rectangular,10,1,air,amorphous + 50 vol.% Zr71Ti16.3Nb10Cu1.8Ni0.9,3.5,metallic glass,machine,0.1,,0,1523,,force,25,,,5.1344421842599,Dataset ID 10,454.499141493236,45.4499141493236,0,0,0,56.2,6.9,0,5.6,13.8,12.5,5,0,0,0,0,0,0,0,0,0,0,0,0
242244.307045396,183.88435548825,rectangular,10,1,air,amorphous + 50 vol.% Zr71Ti16.3Nb10Cu1.8Ni0.9,3.5,metallic glass,machine,0.1,,0,1523,,force,25,,,5.38425357953984,Dataset ID 10,408.631901085,40.8631901085,0,0,0,56.2,6.9,0,5.6,13.8,12.5,5,0,0,0,0,0,0,0,0,0,0,0,0
20448.1812250202,327.701671155403,rectangular,10,1,air,amorphous + 50 vol.% Zr71Ti16.3Nb10Cu1.8Ni0.9,3.5,metallic glass,machine; shot peen,0.1,,0,1528,,force,25,,,4.31065468549422,Dataset ID 11,728.225935900896,72.8225935900896,0,0,0,56.2,6.9,0,5.6,13.8,12.5,5,0,0,0,0,0,0,0,0,0,0,0,0
23014.5542275199,263.71358934582,rectangular,10,1,air,amorphous + 50 vol.% Zr71Ti16.3Nb10Cu1.8Ni0.9,3.5,metallic glass,machine; shot peen,0.1,,0,1528,,force,25,,,4.3620025673941,Dataset ID 11,586.030198546267,58.6030198546267,0,0,0,56.2,6.9,0,5.6,13.8,12.5,5,0,0,0,0,0,0,0,0,0,0,0,0
37251.729457486,204.524613671956,rectangular,10,1,air,amorphous + 50 vol.% Zr71Ti16.3Nb10Cu1.8Ni0.9,3.5,metallic glass,machine; shot peen,0.1,,0,1528,,force,25,,,4.57114644020934,Dataset ID 11,454.499141493236,45.4499141493236,0,0,0,56.2,6.9,0,5.6,13.8,12.5,5,0,0,0,0,0,0,0,0,0,0,0,0
55178.1025658722,183.106982330265,rectangular,10,1,air,amorphous + 50 vol.% Zr71Ti16.3Nb10Cu1.8Ni0.9,3.5,metallic glass,machine; shot peen,0.1,,0,1528,,force,25,,,4.74176676212106,Dataset ID 11,406.904405178367,40.6904405178367,0,0,0,56.2,6.9,0,5.6,13.8,12.5,5,0,0,0,0,0,0,0,0,0,0,0,0
91785.2268493279,142.136233907613,rectangular,10,1,air,amorphous + 50 vol.% Zr71Ti16.3Nb10Cu1.8Ni0.9,3.5,metallic glass,machine; shot peen,0.1,,0,1528,,force,25,,,4.96277278562259,Dataset ID 11,315.858297572473,31.5858297572473,0,0,0,56.2,6.9,0,5.6,13.8,12.5,5,0,0,0,0,0,0,0,0,0,0,0,0
480444.396187927,129.338617545696,rectangular,10,1,air,amorphous + 50 vol.% Zr71Ti16.3Nb10Cu1.8Ni0.9,3.5,metallic glass,machine; shot peen,0.1,,0,1528,,force,25,,,5.6816431322208,Dataset ID 11,287.419150101547,28.7419150101547,0,0,0,56.2,6.9,0,5.6,13.8,12.5,5,0,0,0,0,0,0,0,0,0,0,0,0
1633.47288415058,618.296676441838,circular,10,1.55,vacuum,amorphous,2.98,metallic glass,machine; polish,0.1,,0,1821,,force,25,,,3.21311192952984,Dataset ID 32,1373.9926143152,137.39926143152,0,0,0,50,40,10,0,0,0,0,0,0,0,0,0,0,0,0,0,0,0,0
3367.93098996765,523.78727114211,circular,10,1.55,vacuum,amorphous,2.98,metallic glass,machine; polish,0.1,,0,1821,,force,25,,,3.5273631840796,Dataset ID 32,1163.97171364913,116.397171364913,0,0,0,50,40,10,0,0,0,0,0,0,0,0,0,0,0,0,0,0,0,0
7146.71895120241,410.3266057156,circular,10,1.55,vacuum,amorphous,2.98,metallic glass,machine; polish,0.1,,0,1821,,force,25,,,3.85410670355885,Dataset ID 32,911.836901590222,91.1836901590222,0,0,0,50,40,10,0,0,0,0,0,0,0,0,0,0,0,0,0,0,0,0
17945.6078255899,333.213795470144,circular,10,1.55,vacuum,amorphous,2.98,metallic glass,machine; polish,0.1,,0,1821,,force,25,,,4.25395817266252,Dataset ID 32,740.475101044765,74.0475101044765,0,0,0,50,40,10,0,0,0,0,0,0,0,0,0,0,0,0,0,0,0,0
36093.4099434789,282.177419354839,circular,10,1.55,vacuum,amorphous,2.98,metallic glass,machine; polish,0.1,,0,1821,,force,25,,,4.55742791419248,Dataset ID 32,627.060931899642,62.7060931899642,0,0,0,50,40,10,0,0,0,0,0,0,0,0,0,0,0,0,0,0,0,0
82194.4595176996,253.94245858762,circular,10,1.55,vacuum,amorphous,2.98,metallic glass,machine; polish,0.1,,0,1821,,force,25,,,4.91484254403657,Dataset ID 32,564.316574639156,56.4316574639156,0,0,0,50,40,10,0,0,0,0,0,0,0,0,0,0,0,0,0,0,0,0
94777.94815992,258.358601641276,circular,10,1.55,vacuum,amorphous,2.98,metallic glass,machine; polish,0.1,,0,1821,,force,25,,,4.97670730245929,Dataset ID 32,574.130225869502,57.4130225869502,0,0,0,50,40,10,0,0,0,0,0,0,0,0,0,0,0,0,0,0,0,0
342052.816269948,253.752492668622,circular,10,1.55,vacuum,amorphous,2.98,metallic glass,machine; polish,0.1,,0,1821,,force,25,,,5.53409317051108,Dataset ID 32,563.894428152493,56.3894428152493,0,0,0,50,40,10,0,0,0,0,0,0,0,0,0,0,0,0,0,0,0,0
1132.52762884585,482.841310998078,rectangular,10,1.55,air,amorphous,2.98,metallic glass,machine; polish,0.1,,0,1850,,force,25,,,3.05404880574794,Dataset ID 37,1072.98069110684,107.298069110684,0,0,0,41.2,12.5,0,10,13.8,22.5,0,0,0,0,0,0,0,0,0,0,0,0,0
2091.98479325718,425.733546298199,rectangular,10,1.55,air,amorphous,2.98,metallic glass,machine; polish,0.1,,0,1850,,force,25,,,3.32055852329825,Dataset ID 37,946.074547329331,94.6074547329331,0,0,0,41.2,12.5,0,10,13.8,22.5,0,0,0,0,0,0,0,0,0,0,0,0,0
2371.94523040561,341.418525570996,rectangular,10,1.55,air,amorphous,2.98,metallic glass,machine; polish,0.1,,0,1850,,force,25,,,3.37510465669592,Dataset ID 37,758.707834602213,75.8707834602213,0,0,0,41.2,12.5,0,10,13.8,22.5,0,0,0,0,0,0,0,0,0,0,0,0,0
3287.89500341699,311.791208414849,rectangular,10,1.55,air,amorphous,2.98,metallic glass,machine; polish,0.1,,0,1850,,force,25,,,3.51691794020478,Dataset ID 37,692.869352032998,69.2869352032998,0,0,0,41.2,12.5,0,10,13.8,22.5,0,0,0,0,0,0,0,0,0,0,0,0,0
71972.7721639957,250.887921548969,rectangular,10,1.55,air,amorphous,2.98,metallic glass,machine; polish,0.1,,0,1850,,force,25,,,4.85716823066221,Dataset ID 37,557.528714553264,55.7528714553264,0,0,0,41.2,12.5,0,10,13.8,22.5,0,0,0,0,0,0,0,0,0,0,0,0,0
441354.587220053,226.841917306439,rectangular,10,1.55,air,amorphous,2.98,metallic glass,machine; polish,0.1,,0,1850,,force,25,,,5.64478764478765,Dataset ID 37,504.093149569864,50.4093149569864,0,0,0,41.2,12.5,0,10,13.8,22.5,0,0,0,0,0,0,0,0,0,0,0,0,0
779727.62005459,212.813337842053,rectangular,10,1.55,air,amorphous,2.98,metallic glass,machine; polish,0.1,,0,1850,,force,25,,,5.89194291837464,Dataset ID 37,472.918528537896,47.2918528537896,0,0,0,41.2,12.5,0,10,13.8,22.5,0,0,0,0,0,0,0,0,0,0,0,0,0
3073.28832252973,634.730994152047,,10,1,air,amorphous,2.98,metallic glass,machine; polish,0.1,,0,1850,,force,25,,,3.48760330578512,Dataset ID 39,1410.51332033788,141.051332033788,0,0,0,41.2,12.5,0,10,13.8,22.5,0,0,0,0,0,0,0,0,0,0,0,0,0
4231.03171753621,577.187134502924,,10,1,air,amorphous,2.98,metallic glass,machine; polish,0.1,,0,1850,,force,25,,,3.62644628099174,Dataset ID 39,1282.63807667316,128.263807667316,0,0,0,41.2,12.5,0,10,13.8,22.5,0,0,0,0,0,0,0,0,0,0,0,0,0
5079.27222096003,490.87487696138,,10,1,air,amorphous,2.98,metallic glass,machine; polish,0.1,,0,1850,,force,25,,,3.70580148923983,Dataset ID 39,1090.83305991418,109.083305991418,0,0,0,41.2,12.5,0,10,13.8,22.5,0,0,0,0,0,0,0,0,0,0,0,0,0
6604.8946882343,441.04821802935,,10,1,air,amorphous,2.98,metallic glass,machine; polish,0.1,,0,1850,,force,25,,,3.81986589739591,Dataset ID 39,980.107151176333,98.0107151176333,0,0,0,41.2,12.5,0,10,13.8,22.5,0,0,0,0,0,0,0,0,0,0,0,0,0
19989.8751195281,312.629262926293,,10,1,air,amorphous,2.98,metallic glass,machine; polish,0.1,,0,1850,,force,25,,,4.3008100810081,Dataset ID 39,694.731695391762,69.4731695391762,0,0,0,41.2,12.5,0,10,13.8,22.5,0,0,0,0,0,0,0,0,0,0,0,0,0
63340.8780234292,347.013130310052,,10,1,air,amorphous,2.98,metallic glass,machine; polish,0.1,,0,1850,,force,25,,,4.8016840792141,Dataset ID 39,771.140289577893,77.1140289577893,0,0,0,41.2,12.5,0,10,13.8,22.5,0,0,0,0,0,0,0,0,0,0,0,0,0
2006.54015449872,494.628794207742,,10,1,air,amorphous + beta-phase dendrite,2.98,metallic glass,machine; polish,0.1,,0,1500,,force,25,,,3.30244785517513,Dataset ID 40,1099.17509823943,109.917509823943,0,0,0,47,11,0,9.6,12.9,16.7,2.8,0,0,0,0,0,0,0,0,0,0,0,0
3647.69883715788,448.075199933007,,10,1,air,amorphous + beta-phase dendrite,2.98,metallic glass,machine; polish,0.1,,0,1500,,force,25,,,3.56201897473323,Dataset ID 40,995.722666517793,99.5722666517793,0,0,0,47,11,0,9.6,12.9,16.7,2.8,0,0,0,0,0,0,0,0,0,0,0,0
6577.74759882106,352.858094603598,,10,1,air,amorphous + beta-phase dendrite,2.98,metallic glass,machine; polish,0.1,,0,1500,,force,25,,,3.81807720472853,Dataset ID 40,784.129099119107,78.4129099119107,0,0,0,47,11,0,9.6,12.9,16.7,2.8,0,0,0,0,0,0,0,0,0,0,0,0
13977.2927616583,293.927039821777,,10,1,air,amorphous + beta-phase dendrite,2.98,metallic glass,machine; polish,0.1,,0,1500,,force,25,,,4.1454230617867,Dataset ID 40,653.171199603949,65.3171199603949,0,0,0,47,11,0,9.6,12.9,16.7,2.8,0,0,0,0,0,0,0,0,0,0,0,0
20141.452179005,234.985425947313,,10,1,air,amorphous + beta-phase dendrite,2.98,metallic glass,machine; polish,0.1,,0,1500,,force,25,,,4.30409077955388,Dataset ID 40,522.189835438473,52.2189835438473,0,0,0,47,11,0,9.6,12.9,16.7,2.8,0,0,0,0,0,0,0,0,0,0,0,0
113377.409105686,176.496584973885,,10,1,air,amorphous + beta-phase dendrite,2.98,metallic glass,machine; polish,0.1,,0,1500,,force,25,,,5.05452652829474,Dataset ID 40,392.2146332753,39.22146332753,0,0,0,47,11,0,9.6,12.9,16.7,2.8,0,0,0,0,0,0,0,0,0,0,0,0
230135.422790802,147.702978376173,,10,1,air,amorphous + beta-phase dendrite,2.98,metallic glass,machine; polish,0.1,,0,1500,,force,25,,,5.36198347107438,Dataset ID 40,328.22884083594,32.822884083594,0,0,0,47,11,0,9.6,12.9,16.7,2.8,0,0,0,0,0,0,0,0,0,0,0,0
1808.98162149701,1697.54668619553,circular,10,1,air,amorphous,0.9,metallic glass,machine; polish,0.1,,0,,,force,25,,,3.25743415463042,Dataset ID 47,3772.3259693234,377.23259693234,0,0,0,0,0,0,0,0,0,4,0,43.2,28.8,9.2,4.8,0,0,0,0,0,0,0
2182.80315032586,1417.30745758574,circular,10,1,air,amorphous,0.9,metallic glass,machine; polish,0.1,,0,,,force,25,,,3.33901457190612,Dataset ID 47,3149.57212796831,314.957212796831,0,0,0,0,0,0,0,0,0,4,0,43.2,28.8,9.2,4.8,0,0,0,0,0,0,0
2892.95978069937,1526.66910777493,circular,10,1,air,amorphous,0.9,metallic glass,machine; polish,0.1,,0,,,force,25,,,3.46134239592184,Dataset ID 47,3392.59801727762,339.259801727762,0,0,0,0,0,0,0,0,0,4,0,43.2,28.8,9.2,4.8,0,0,0,0,0,0,0
3716.44271197418,1307.93299157818,circular,10,1,air,amorphous,0.9,metallic glass,machine; polish,0.1,,0,,,force,25,,,3.57012744265081,Dataset ID 47,2906.51775906262,290.651775906262,0,0,0,0,0,0,0,0,0,4,0,43.2,28.8,9.2,4.8,0,0,0,0,0,0,0
6327.65717925387,1244.69018139585,circular,10,1,air,amorphous,0.9,metallic glass,machine; polish,0.1,,0,,,force,25,,,3.80124294185634,Dataset ID 47,2765.97818087967,276.597818087967,0,0,0,0,0,0,0,0,0,4,0,43.2,28.8,9.2,4.8,0,0,0,0,0,0,0
16828.886245169,225.502167822839,circular,10,1,air,amorphous,3,metallic glass,cut; polish,0.1,,0,,,force,25,,,4.22605537482414,Dataset ID 49,501.115928495198,50.1115928495198,3,30,66,0,0,0,0,0,0,0,0,0,0,0,0,0,1,0,0,0,0,0
17716.1965233435,214.171042600897,circular,10,1,air,amorphous,3,metallic glass,cut; polish,0.1,,0,,,force,25,,,4.24837048920869,Dataset ID 49,475.935650224216,47.5935650224216,3,30,66,0,0,0,0,0,0,0,0,0,0,0,0,0,1,0,0,0,0,0
20164.3501214989,214.112942307692,circular,10,1,air,amorphous,3,metallic glass,cut; polish,0.1,,0,,,force,25,,,4.30458422965655,Dataset ID 49,475.806538461538,47.5806538461538,3,30,66,0,0,0,0,0,0,0,0,0,0,0,0,0,1,0,0,0,0,0
29223.710655969,213.753135557432,circular,10,1,air,amorphous,3,metallic glass,cut; polish,0.1,,0,,,force,25,,,4.46573535927442,Dataset ID 49,475.006967905404,47.5006967905404,3,30,66,0,0,0,0,0,0,0,0,0,0,0,0,0,1,0,0,0,0,0
45363.5532821249,202.779596308798,circular,10,1,air,amorphous,3,metallic glass,cut; polish,0.1,,0,,,force,25,,,4.65670706507313,Dataset ID 49,450.621325130662,45.0621325130662,3,30,66,0,0,0,0,0,0,0,0,0,0,0,0,0,1,0,0,0,0,0
110424.009610065,202.402113970588,circular,10,1,air,amorphous,3,metallic glass,cut; polish,0.1,,0,,,force,25,,,5.04306351277252,Dataset ID 49,449.782475490196,44.9782475490196,3,30,66,0,0,0,0,0,0,0,0,0,0,0,0,0,1,0,0,0,0,0
167387.211990633,191.597612359551,circular,10,1,air,amorphous,3,metallic glass,cut; polish,0.1,,0,,,force,25,,,5.22372227579557,Dataset ID 49,425.772471910113,42.5772471910113,3,30,66,0,0,0,0,0,0,0,0,0,0,0,0,0,1,0,0,0,0,0
492472.371375193,191.598390507519,circular,10,1,air,amorphous,3,metallic glass,cut; polish,0.1,,0,,,force,25,,,5.6923818707811,Dataset ID 49,425.77420112782,42.577420112782,3,30,66,0,0,0,0,0,0,0,0,0,0,0,0,0,1,0,0,0,0,0
984557.760799481,180.420626849112,circular,10,1,air,amorphous,3,metallic glass,cut; polish,0.1,,0,,,force,25,,,5.99324119986534,Dataset ID 49,400.93472633136,40.093472633136,3,30,66,0,0,0,0,0,0,0,0,0,0,0,0,0,1,0,0,0,0,0
9545.08080336764,180.209555209699,circular,10,1,phosphate buffered saline,amorphous,3,metallic glass,cut; polish,0.1,,0,,,force,25,,,3.9797796092418,Dataset ID 50,400.465678243776,40.0465678243776,3,30,66,0,0,0,0,0,0,0,0,0,0,0,0,0,1,0,0,0,0,0
16262.4552231399,157.846694711538,circular,10,1,phosphate buffered saline,amorphous,3,metallic glass,cut; polish,0.1,,0,,,force,25,,,4.21118611378978,Dataset ID 50,350.770432692307,35.0770432692307,3,30,66,0,0,0,0,0,0,0,0,0,0,0,0,0,1,0,0,0,0,0
18272.4130719674,169.03125,circular,10,1,phosphate buffered saline,amorphous,3,metallic glass,cut; polish,0.1,,0,,,force,25,,,4.26179590447558,Dataset ID 50,375.625,37.5625,3,30,66,0,0,0,0,0,0,0,0,0,0,0,0,0,1,0,0,0,0,0
22603.3511980559,157.642481435644,circular,10,1,phosphate buffered saline,amorphous,3,metallic glass,cut; polish,0.1,,0,,,force,25,,,4.35417283290528,Dataset ID 50,350.316625412542,35.0316625412542,3,30,66,0,0,0,0,0,0,0,0,0,0,0,0,0,1,0,0,0,0,0
32947.3529787958,146.372084497207,circular,10,1,phosphate buffered saline,amorphous,3,metallic glass,cut; polish,0.1,,0,,,force,25,,,4.51782052870603,Dataset ID 50,325.271298882682,32.5271298882682,3,30,66,0,0,0,0,0,0,0,0,0,0,0,0,0,1,0,0,0,0,0
40175.2431347138,134.872523265946,circular,10,1,phosphate buffered saline,amorphous,3,metallic glass,cut; polish,0.1,,0,,,force,25,,,4.60395851373022,Dataset ID 50,299.716718368769,29.9716718368769,3,30,66,0,0,0,0,0,0,0,0,0,0,0,0,0,1,0,0,0,0,0
46468.7387093107,134.787159732976,circular,10,1,phosphate buffered saline,amorphous,3,metallic glass,cut; polish,0.1,,0,,,force,25,,,4.66716088467985,Dataset ID 50,299.527021628836,29.9527021628836,3,30,66,0,0,0,0,0,0,0,0,0,0,0,0,0,1,0,0,0,0,0
59112.0025965371,123.838787828947,circular,10,1,phosphate buffered saline,amorphous,3,metallic glass,cut; polish,0.1,,0,,,force,25,,,4.77167567262741,Dataset ID 50,275.197306286549,27.5197306286549,3,30,66,0,0,0,0,0,0,0,0,0,0,0,0,0,1,0,0,0,0,0
79331.5072676932,123.844193357696,circular,10,1,phosphate buffered saline,amorphous,3,metallic glass,cut; polish,0.1,,0,,,force,25,,,4.89944570579032,Dataset ID 50,275.209318572658,27.5209318572658,3,30,66,0,0,0,0,0,0,0,0,0,0,0,0,0,1,0,0,0,0,0
123472.817065761,112.503551833832,circular,10,1,phosphate buffered saline,amorphous,3,metallic glass,cut; polish,0.1,,0,,,force,25,,,5.09157135680423,Dataset ID 50,250.007892964071,25.0007892964071,3,30,66,0,0,0,0,0,0,0,0,0,0,0,0,0,1,0,0,0,0,0
237321.265241996,101.362369590417,circular,10,1,phosphate buffered saline,amorphous,3,metallic glass,cut; polish,0.1,,0,,,force,25,,,5.37533665504614,Dataset ID 50,225.249710200927,22.5249710200927,3,30,66,0,0,0,0,0,0,0,0,0,0,0,0,0,1,0,0,0,0,0
1633567.27536007,89.8044890300231,circular,10,1,phosphate buffered saline,amorphous,3,metallic glass,cut; polish,0.1,,0,,,force,25,,,6.21313702477167,Dataset ID 50,199.565531177829,19.9565531177829,3,30,66,0,0,0,0,0,0,0,0,0,0,0,0,0,1,0,0,0,0,0
9481047.36687911,78.9544471153846,circular,10,1,phosphate buffered saline,amorphous,3,metallic glass,cut; polish,0.1,,0,,,force,25,,,6.97685631629701,Dataset ID 50,175.454326923077,17.5454326923077,3,30,66,0,0,0,0,0,0,0,0,0,0,0,0,0,1,0,0,0,0,0
3356.31294862709,524.821253993452,circular,10,1.55,vacuum,amorphous,2.98,metallic glass,machine; polish,0.1,,0,,,force,25,,,3.52586244843954,Dataset ID 70,1166.26945331878,116.626945331878,0,0,0,50,40,10,0,0,0,0,0,0,0,0,0,0,0,0,0,0,0,0
7024.14617735654,411.459937002644,circular,10,1.55,vacuum,amorphous,2.98,metallic glass,machine; polish,0.1,,0,,,force,25,,,3.84659354096165,Dataset ID 70,914.355415561431,91.4355415561431,0,0,0,50,40,10,0,0,0,0,0,0,0,0,0,0,0,0,0,0,0,0
17896.23423913,335.008607055673,circular,10,1.55,vacuum,amorphous,2.98,metallic glass,machine; polish,0.1,,0,,,force,25,,,4.25276165549268,Dataset ID 70,744.463571234829,74.4463571234829,0,0,0,50,40,10,0,0,0,0,0,0,0,0,0,0,0,0,0,0,0,0
35941.3478895441,283.663547745415,circular,10,1.55,vacuum,amorphous,2.98,metallic glass,machine; polish,0.1,,0,,,force,25,,,4.55559436019684,Dataset ID 70,630.363439434256,63.0363439434256,0,0,0,50,40,10,0,0,0,0,0,0,0,0,0,0,0,0,0,0,0,0
82012.514958808,254.524302257477,circular,10,1.55,vacuum,amorphous,2.98,metallic glass,machine; polish,0.1,,0,,,force,25,,,4.91388012997922,Dataset ID 70,565.609560572171,56.5609560572171,0,0,0,50,40,10,0,0,0,0,0,0,0,0,0,0,0,0,0,0,0,0
96648.3053914218,259.702520067295,circular,10,1.55,vacuum,amorphous,2.98,metallic glass,machine; polish,0.1,,0,,,force,25,,,4.98519424361438,Dataset ID 70,577.116711260656,57.7116711260656,0,0,0,50,40,10,0,0,0,0,0,0,0,0,0,0,0,0,0,0,0,0
342491.207065258,254.5056081727,circular,10,1.55,vacuum,amorphous,2.98,metallic glass,machine; polish,0.1,,0,,,force,25,,,5.53464942612901,Dataset ID 70,565.568018161556,56.5568018161556,0,0,0,50,40,10,0,0,0,0,0,0,0,0,0,0,0,0,0,0,0,0
4091.50551482862,502.051200011712,circular,10,1.55,vacuum,amorphous,2.98,metallic glass,machine; polish,0.1,,0,,,force,25,,,3.61188314088619,Dataset ID 74,1115.66933335936,111.566933335936,0,0,0,50,37,10,0,0,0,0,0,0,0,0,0,0,0,3,0,0,0,0
5704.68329746779,418.185140545518,circular,10,1.55,vacuum,amorphous,2.98,metallic glass,machine; polish,0.1,,0,,,force,25,,,3.75623153902943,Dataset ID 74,929.300312323373,92.9300312323373,0,0,0,50,37,10,0,0,0,0,0,0,0,0,0,0,0,3,0,0,0,0
15217.2244046138,376.430609351901,circular,10,1.55,vacuum,amorphous,2.98,metallic glass,machine; polish,0.1,,0,,,force,25,,,4.18233544509636,Dataset ID 74,836.512465226447,83.6512465226447,0,0,0,50,37,10,0,0,0,0,0,0,0,0,0,0,0,3,0,0,0,0
23426.7268536374,444.282753391187,,20,1.11,air,amorphous,2.5,metallic glass,EDM; polish,-1,87,0,1560,,force,25,,,4.36971161387632,Dataset ID 80,444.282753391187,-444.282753391187,0,0,0,55,30,10,5,0,0,0,0,0,0,0,0,0,0,0,0,0,0,0
33745.4624886587,334.876232201533,,20,1.11,air,amorphous,2.5,metallic glass,EDM; polish,-1,87,0,1560,,force,25,,,4.52821538461538,Dataset ID 80,334.876232201533,-334.876232201533,0,0,0,55,30,10,5,0,0,0,0,0,0,0,0,0,0,0,0,0,0,0
482566.494131089,222.01230095206,,20,1.11,air,amorphous,2.5,metallic glass,EDM; polish,-1,87,0,1560,,force,25,,,5.68355716440422,Dataset ID 80,222.01230095206,-222.01230095206,0,0,0,55,30,10,5,0,0,0,0,0,0,0,0,0,0,0,0,0,0,0
9987838.08311236,166.674867301373,,20,1.11,air,amorphous,2.5,metallic glass,EDM; polish,-1,87,0,1560,,force,25,,,6.99947149321267,Dataset ID 80,166.674867301373,-166.674867301373,0,0,0,55,30,10,5,0,0,0,0,0,0,0,0,0,0,0,0,0,0,0
227528.766479095,90.1512092239863,,20,1.03,air,amorphous,2.5,metallic glass,EDM; polish,-1,87,0,1560,,force,25,,,5.35703631234851,Dataset ID 82,90.1512092239863,-90.1512092239863,0,0,0,55,30,10,5,0,0,0,0,0,0,0,0,0,0,0,0,0,0,0
766105.000006492,77.8836866889996,,20,1.03,air,amorphous,2.5,metallic glass,EDM; polish,-1,87,0,1560,,force,25,,,5.88428829678445,Dataset ID 82,77.8836866889996,-77.8836866889996,0,0,0,55,30,10,5,0,0,0,0,0,0,0,0,0,0,0,0,0,0,0
779185.508593394,66.724142741553,,20,1.03,air,amorphous,2.5,metallic glass,EDM; polish,-1,87,0,1560,,force,25,,,5.89164086687307,Dataset ID 82,66.724142741553,-66.724142741553,0,0,0,55,30,10,5,0,0,0,0,0,0,0,0,0,0,0,0,0,0,0
943927.710066288,59.9588735578729,,20,1.03,air,amorphous,2.5,metallic glass,EDM; polish,-1,87,0,1560,,force,25,,,5.97493873548296,Dataset ID 82,59.9588735578729,-59.9588735578729,0,0,0,55,30,10,5,0,0,0,0,0,0,0,0,0,0,0,0,0,0,0
1575627.01214337,50.0190741910951,,20,1.03,air,amorphous,2.5,metallic glass,EDM; polish,-1,87,0,1560,,force,25,,,6.19745341763358,Dataset ID 82,50.0190741910951,-50.0190741910951,0,0,0,55,30,10,5,0,0,0,0,0,0,0,0,0,0,0,0,0,0,0
2237923.31699861,39.9564744287269,,20,1.03,air,amorphous,2.5,metallic glass,EDM; polish,-1,87,0,1560,,force,25,,,6.34984520123839,Dataset ID 82,39.9564744287269,-39.9564744287269,0,0,0,55,30,10,5,0,0,0,0,0,0,0,0,0,0,0,0,0,0,0
167861.043303552,449.973656480506,circular,10,1,air,amorphous,6,metallic glass,EDM,0.1,,0,,,force,25,408,,5.22494991804771,Dataset ID 86,999.941458845569,99.9941458845569,0,0,0,53.9,29.4,9.8,4.9,0,0,0,0,0,0,0,0,0,0,0,2,0,0,0
191784.852205489,449.973656480506,circular,10,1,air,amorphous,6,metallic glass,EDM,0.1,,0,,,force,25,408,,5.28281430219146,Dataset ID 86,999.941458845569,99.9941458845569,0,0,0,53.9,29.4,9.8,4.9,0,0,0,0,0,0,0,0,0,0,0,2,0,0,0
295520.923520289,405.189673340358,circular,10,1,air,amorphous,6,metallic glass,EDM,0.1,,0,,,force,25,408,,5.47058823529412,Dataset ID 86,900.421496311907,90.0421496311907,0,0,0,53.9,29.4,9.8,4.9,0,0,0,0,0,0,0,0,0,0,0,2,0,0,0
482186.640189048,359.878819810327,circular,10,1,air,amorphous,6,metallic glass,EDM,0.1,,0,,,force,25,408,,5.68321517333187,Dataset ID 86,799.730710689616,79.9730710689616,0,0,0,53.9,29.4,9.8,4.9,0,0,0,0,0,0,0,0,0,0,0,2,0,0,0
550792.905371442,359.878819810327,circular,10,1,air,amorphous,6,metallic glass,EDM,0.1,,0,,,force,25,408,,5.74098833758003,Dataset ID 86,799.730710689616,79.9730710689616,0,0,0,53.9,29.4,9.8,4.9,0,0,0,0,0,0,0,0,0,0,0,2,0,0,0
753711.976180768,405.189673340358,circular,10,1,air,amorphous,6,metallic glass,EDM,0.1,,0,,,force,25,408,,5.87720541609161,Dataset ID 86,900.421496311907,90.0421496311907,0,0,0,53.9,29.4,9.8,4.9,0,0,0,0,0,0,0,0,0,0,0,2,0,0,0
920248.265010868,315.094836670179,circular,10,1,air,amorphous,6,metallic glass,EDM,0.1,,0,,,force,25,408,,5.96390500732282,Dataset ID 86,700.210748155953,70.0210748155953,0,0,0,53.9,29.4,9.8,4.9,0,0,0,0,0,0,0,0,0,0,0,2,0,0,0
1459105.47581251,315.094836670179,circular,10,1,air,amorphous,6,metallic glass,EDM,0.1,,0,,,force,25,408,,6.1640866873065,Dataset ID 86,700.210748155953,70.0210748155953,0,0,0,53.9,29.4,9.8,4.9,0,0,0,0,0,0,0,0,0,0,0,2,0,0,0
1781451.46153678,292.439409905163,circular,10,1,air,amorphous,6,metallic glass,EDM,0.1,,0,,,force,25,408,,6.25077399380805,Dataset ID 86,649.865355344807,64.9865355344807,0,0,0,53.9,29.4,9.8,4.9,0,0,0,0,0,0,0,0,0,0,0,2,0,0,0
1103.957120343,950.910301566372,circular,0.5,1,air,FCC,2.1,multi-principal elements alloy,EDM; polish,-1,,1,1025,10,strain,25,,925,3.04295220495108,Dataset ID 108,950.910301566372,-950.910301566372,0,0,0,0,0,0,20,0,0,0,0,20,20,0,0,0,0,0,0,20,20,0
3836.20998664024,765.79908595188,circular,0.5,1,air,FCC,2.1,multi-principal elements alloy,EDM; polish,-1,,1,1025,10,strain,25,,925,3.58390237158078,Dataset ID 108,765.79908595188,-765.79908595188,0,0,0,0,0,0,20,0,0,0,0,20,20,0,0,0,0,0,0,20,20,0
86914.7373865177,399.356787758887,circular,0.5,1,air,FCC,2.1,multi-principal elements alloy,EDM; polish,-1,,1,1025,10,strain,25,,925,4.93909342228278,Dataset ID 108,399.356787758887,-399.356787758887,0,0,0,0,0,0,20,0,0,0,0,20,20,0,0,0,0,0,0,20,20,0
3120.55166483159,368.879445376108,circular,0.5,1,air,FCC,2.1,multi-principal elements alloy,EDM; polish,-1,,12,800,38,strain,25,,255,3.49423137729201,Dataset ID 109,368.879445376108,-368.879445376108,0,0,0,0,0,0,20,0,0,0,0,20,20,0,0,0,0,0,0,20,20,0
8910.15063012693,346.679499695353,circular,0.5,1,air,FCC,2.1,multi-principal elements alloy,EDM; polish,-1,,12,800,38,strain,25,,255,3.94988504604361,Dataset ID 109,346.679499695353,-346.679499695353,0,0,0,0,0,0,20,0,0,0,0,20,20,0,0,0,0,0,0,20,20,0
27583.5701932053,327.065527851756,circular,0.5,1,air,FCC,2.1,multi-principal elements alloy,EDM; polish,-1,,12,800,38,strain,25,,255,4.44065047702696,Dataset ID 109,327.065527851756,-327.065527851756,0,0,0,0,0,0,20,0,0,0,0,20,20,0,0,0,0,0,0,20,20,0
2493.53242325479,434.125874125874,circular,,1,air,FCC,2,multi-principal elements alloy,,-1,,6,,,strain,25,,,3.39681501969659,Dataset ID 110,434.125874125874,-434.125874125874,0,0,0,0,0,0,20,0,0,0,0,20,20,0,0,0,0,0,0,20,20,0
4258.6141490319,427.972027972028,circular,,1,air,FCC,2,multi-principal elements alloy,,-1,,6,,,strain,25,,,3.62926829268293,Dataset ID 110,427.972027972028,-427.972027972028,0,0,0,0,0,0,20,0,0,0,0,20,20,0,0,0,0,0,0,20,20,0
4258.6954989167,404.892250606536,circular,,1,air,FCC,2,multi-principal elements alloy,,-1,,6,,,strain,25,,,3.62927658868425,Dataset ID 110,404.892250606536,-404.892250606536,0,0,0,0,0,0,20,0,0,0,0,20,20,0,0,0,0,0,0,20,20,0
6800.30926052453,385.454545454545,circular,,1,air,FCC,2,multi-principal elements alloy,,-1,,6,,,strain,25,,,3.83252866374818,Dataset ID 110,385.454545454545,-385.454545454545,0,0,0,0,0,0,20,0,0,0,0,20,20,0,0,0,0,0,0,20,20,0
7060.83905683018,406.153846153846,circular,,1,air,FCC,2,multi-principal elements alloy,,-1,,6,,,strain,25,,,3.84885631239732,Dataset ID 110,406.153846153846,-406.153846153846,0,0,0,0,0,0,20,0,0,0,0,20,20,0,0,0,0,0,0,20,20,0
9963.78328404987,385.454545454545,circular,,1,air,FCC,2,multi-principal elements alloy,,-1,,6,,,strain,25,,,3.99842427290252,Dataset ID 110,385.454545454545,-385.454545454545,0,0,0,0,0,0,20,0,0,0,0,20,20,0,0,0,0,0,0,20,20,0
27999.2383538014,332.867132867133,circular,,1,air,FCC,2,multi-principal elements alloy,,-1,,6,,,strain,25,,,4.44714621765507,Dataset ID 110,332.867132867133,-332.867132867133,0,0,0,0,0,0,20,0,0,0,0,20,20,0,0,0,0,0,0,20,20,0
45213.0563278775,331.474937276464,circular,,1,air,FCC,2,multi-principal elements alloy,,-1,,6,,,strain,25,,,4.65526386561576,Dataset ID 110,331.474937276464,-331.474937276464,0,0,0,0,0,0,20,0,0,0,0,20,20,0,0,0,0,0,0,20,20,0
1962.20775828818,346.853146853147,circular,,1,air,FCC,2,multi-principal elements alloy,,-1,,60,,,strain,25,,,3.29274498851859,Dataset ID 111,346.853146853147,-346.853146853147,0,0,0,0,0,0,20,0,0,0,0,20,20,0,0,0,0,0,0,20,20,0
2021.72558272394,373.706293706294,circular,,1,air,FCC,2,multi-principal elements alloy,,-1,,60,,,strain,25,,,3.30572220664735,Dataset ID 111,373.706293706294,-373.706293706294,0,0,0,0,0,0,20,0,0,0,0,20,20,0,0,0,0,0,0,20,20,0
5818.20952507927,320.934338388884,circular,,1,air,FCC,2,multi-principal elements alloy,,-1,,60,,,strain,25,,,3.76478935698448,Dataset ID 111,320.934338388884,-320.934338388884,0,0,0,0,0,0,20,0,0,0,0,20,20,0,0,0,0,0,0,20,20,0
6980.7556905714,309.656854773134,circular,,1,air,FCC,2,multi-principal elements alloy,,-1,,60,,,strain,25,,,3.84390243902439,Dataset ID 111,309.656854773134,-309.656854773134,0,0,0,0,0,0,20,0,0,0,0,20,20,0,0,0,0,0,0,20,20,0
13291.5991648429,278.041958041958,circular,,1,air,FCC,2,multi-principal elements alloy,,-1,,60,,,strain,25,,,4.12357723577236,Dataset ID 111,278.041958041958,-278.041958041958,0,0,0,0,0,0,20,0,0,0,0,20,20,0,0,0,0,0,0,20,20,0
24107.7373237046,284.195804195804,circular,,1,air,FCC,2,multi-principal elements alloy,,-1,,60,,,strain,25,,,4.38215645077799,Dataset ID 111,284.195804195804,-284.195804195804,0,0,0,0,0,0,20,0,0,0,0,20,20,0,0,0,0,0,0,20,20,0
69138.0880960547,420.180200993416,rectangular,15,1,air,FCC,6,multi-principal elements alloy,machine,-1,,,755,51,force,25,,,4.83971736564877,Dataset ID 119,420.180200993416,-420.180200993416,0,0,0,0,0,0,20,0,0,0,0,20,20,0,0,0,0,0,0,20,20,0
121646.615049991,400.182052785924,rectangular,15,1,air,FCC,6,multi-principal elements alloy,machine,-1,,,755,51,force,25,,,5.08510002871638,Dataset ID 119,400.182052785924,-400.182052785924,0,0,0,0,0,0,20,0,0,0,0,20,20,0,0,0,0,0,0,20,20,0
121656.651024868,360,rectangular,15,1,air,FCC,6,multi-principal elements alloy,machine,-1,,,755,51,force,25,,,5.08513585699425,Dataset ID 119,360,-360,0,0,0,0,0,0,20,0,0,0,0,20,20,0,0,0,0,0,0,20,20,0
133249.348679402,420.182054616385,rectangular,15,1,air,FCC,6,multi-principal elements alloy,machine,-1,,,755,51,force,25,,,5.1246650948796,Dataset ID 119,420.182054616385,-420.182054616385,0,0,0,0,0,0,20,0,0,0,0,20,20,0,0,0,0,0,0,20,20,0
283802.890925404,380.182280823502,rectangular,15,1,air,FCC,6,multi-principal elements alloy,machine,-1,,,755,51,force,25,,,5.45301681503462,Dataset ID 119,380.182280823502,-380.182280823502,0,0,0,0,0,0,20,0,0,0,0,20,20,0,0,0,0,0,0,20,20,0
364072.402246497,360.119337706967,rectangular,15,1,air,FCC,6,multi-principal elements alloy,machine,-1,,,755,51,force,25,,,5.56118775938899,Dataset ID 119,360.119337706967,-360.119337706967,0,0,0,0,0,0,20,0,0,0,0,20,20,0,0,0,0,0,0,20,20,0
581027.351983815,340.119551681196,rectangular,15,1,air,FCC,6,multi-principal elements alloy,machine,-1,,,755,51,force,25,,,5.7641965773749,Dataset ID 119,340.119551681196,-340.119551681196,0,0,0,0,0,0,20,0,0,0,0,20,20,0,0,0,0,0,0,20,20,0
745424.32517449,300,rectangular,15,1,air,FCC,6,multi-principal elements alloy,machine,-1,,,755,51,force,25,,,5.87240356083086,Dataset ID 119,300,-300,0,0,0,0,0,0,20,0,0,0,0,20,20,0,0,0,0,0,0,20,20,0
905342.617958956,320.117885544987,rectangular,15,1,air,FCC,6,multi-principal elements alloy,machine,-1,,,755,51,force,25,,,5.95681296476325,Dataset ID 119,320.117885544987,-320.117885544987,0,0,0,0,0,0,20,0,0,0,0,20,20,0,0,0,0,0,0,20,20,0
1384981.95418789,300,rectangular,15,1,air,FCC,6,multi-principal elements alloy,machine,-1,,,755,51,force,25,,,6.14144411473788,Dataset ID 119,300,-300,0,0,0,0,0,0,20,0,0,0,0,20,20,0,0,0,0,0,0,20,20,0
2458397.99452357,280,rectangular,15,1,air,FCC,6,multi-principal elements alloy,machine,-1,,,755,51,force,25,,,6.39065219296598,Dataset ID 119,280,-280,0,0,0,0,0,0,20,0,0,0,0,20,20,0,0,0,0,0,0,20,20,0
4458.07508535761,420.234909090909,rectangular,15,1,air,FCC,6,multi-principal elements alloy,machine,-1,,260,640,72,force,25,,365,3.64914737883284,Dataset ID 120,420.234909090909,-420.234909090909,0,0,0,0,0,0,20,0,0,0,0,20,20,0,0,0,0,0,0,20,20,0
8973.40910114771,399.971636363636,rectangular,15,1,air,FCC,6,multi-principal elements alloy,machine,-1,,260,640,72,force,25,,365,3.95295746785361,Dataset ID 120,399.971636363636,-399.971636363636,0,0,0,0,0,0,20,0,0,0,0,20,20,0,0,0,0,0,0,20,20,0
17301.8673183717,380.066909090909,rectangular,15,1,air,FCC,6,multi-principal elements alloy,machine,-1,,260,640,72,force,25,,365,4.23809297725025,Dataset ID 120,380.066909090909,-380.066909090909,0,0,0,0,0,0,20,0,0,0,0,20,20,0,0,0,0,0,0,20,20,0
86830.9554075964,360.363636363636,rectangular,15,1,air,FCC,6,multi-principal elements alloy,machine,-1,,260,640,72,force,25,,365,4.93867457962413,Dataset ID 120,360.363636363636,-360.363636363636,0,0,0,0,0,0,20,0,0,0,0,20,20,0,0,0,0,0,0,20,20,0
204448.336198034,340,rectangular,15,1,air,FCC,6,multi-principal elements alloy,machine,-1,,260,640,72,force,25,,365,5.31058358061326,Dataset ID 120,340,-340,0,0,0,0,0,0,20,0,0,0,0,20,20,0,0,0,0,0,0,20,20,0
3637733.3409571,320,rectangular,15,1,air,FCC,6,multi-principal elements alloy,machine,-1,,260,640,72,force,25,,365,6.56083086053413,Dataset ID 120,320,-320,0,0,0,0,0,0,20,0,0,0,0,20,20,0,0,0,0,0,0,20,20,0
4694747.77820248,300,rectangular,15,1,air,FCC,6,multi-principal elements alloy,machine,-1,,260,640,72,force,25,,365,6.67161226508408,Dataset ID 120,300,-300,0,0,0,0,0,0,20,0,0,0,0,20,20,0,0,0,0,0,0,20,20,0
11889760.2097446,279.769454545455,rectangular,15,1,air,FCC,6,multi-principal elements alloy,machine,-1,,260,640,72,force,25,,365,7.07517309594461,Dataset ID 120,279.769454545455,-279.769454545455,0,0,0,0,0,0,20,0,0,0,0,20,20,0,0,0,0,0,0,20,20,0
13845025.7732956,279.858181818182,rectangular,15,1,air,FCC,6,multi-principal elements alloy,machine,-1,,260,640,72,force,25,,365,7.141293768546,Dataset ID 120,279.858181818182,-279.858181818182,0,0,0,0,0,0,20,0,0,0,0,20,20,0,0,0,0,0,0,20,20,0
85989.1949313409,419.76600435707,rectangular,15,1,air,FCC,6,multi-principal elements alloy,machine,-1,,,725,54,force,25,,,4.93444388291207,Dataset ID 121,419.76600435707,-419.76600435707,0,0,0,0,0,0,20,0,0,0,0,20,20,0,0,0,0,0,0,20,20,0
149079.925739714,399.999037072701,rectangular,15,1,air,FCC,6,multi-principal elements alloy,machine,-1,,,725,54,force,25,,,5.17341916774936,Dataset ID 121,399.999037072701,-399.999037072701,0,0,0,0,0,0,20,0,0,0,0,20,20,0,0,0,0,0,0,20,20,0
252754.434093341,379.820692470393,rectangular,15,1,air,FCC,6,multi-principal elements alloy,machine,-1,,,725,54,force,25,,,5.40269878319629,Dataset ID 121,379.820692470393,-379.820692470393,0,0,0,0,0,0,20,0,0,0,0,20,20,0,0,0,0,0,0,20,20,0
505987.668643861,339.94167875879,rectangular,15,1,air,FCC,6,multi-principal elements alloy,machine,-1,,,725,54,force,25,,,5.70413993283746,Dataset ID 121,339.94167875879,-339.94167875879,0,0,0,0,0,0,20,0,0,0,0,20,20,0,0,0,0,0,0,20,20,0
1113498.4916291,319.841615809358,rectangular,15,1,air,FCC,6,multi-principal elements alloy,machine,-1,,,725,54,force,25,,,6.04668963306507,Dataset ID 121,319.841615809358,-319.841615809358,0,0,0,0,0,0,20,0,0,0,0,20,20,0,0,0,0,0,0,20,20,0
1124317.32621896,299.902903225806,rectangular,15,1,air,FCC,6,multi-principal elements alloy,machine,-1,,,725,54,force,25,,,6.05088890338244,Dataset ID 121,299.902903225806,-299.902903225806,0,0,0,0,0,0,20,0,0,0,0,20,20,0,0,0,0,0,0,20,20,0
1872182.40451172,279.838709677419,rectangular,15,1,air,FCC,6,multi-principal elements alloy,machine,-1,,,725,54,force,25,,,6.27234815925987,Dataset ID 121,279.838709677419,-279.838709677419,0,0,0,0,0,0,20,0,0,0,0,20,20,0,0,0,0,0,0,20,20,0
273252.507007011,380.025041405578,rectangular,15,1,air,FCC,6,multi-principal elements alloy,machine,-1,,,700,65,force,25,,500,5.43656415515721,Dataset ID 122,380.025041405578,-380.025041405578,0,0,0,0,0,0,20,0,0,0,0,20,20,0,0,0,0,0,0,20,20,0
637318.798414302,340.330084739654,rectangular,15,1,air,FCC,6,multi-principal elements alloy,machine,-1,,,700,65,force,25,,500,5.80435672865905,Dataset ID 122,340.330084739654,-340.330084739654,0,0,0,0,0,0,20,0,0,0,0,20,20,0,0,0,0,0,0,20,20,0
2317289.13413205,280.274680471318,rectangular,15,1,air,FCC,6,multi-principal elements alloy,machine,-1,,,700,65,force,25,,500,6.36498022521162,Dataset ID 122,280.274680471318,-280.274680471318,0,0,0,0,0,0,20,0,0,0,0,20,20,0,0,0,0,0,0,20,20,0
271376.103700654,380.082002891663,rectangular,15,1,air,FCC,6,multi-principal elements alloy,machine,-1,,,700,75,force,25,,500,5.4335716027642,Dataset ID 123,380.082002891663,-380.082002891663,0,0,0,0,0,0,20,0,0,0,0,20,20,0,0,0,0,0,0,20,20,0
632435.764704218,339.933007715605,rectangular,15,1,air,FCC,6,multi-principal elements alloy,machine,-1,,,700,75,force,25,,500,5.80101642162465,Dataset ID 123,339.933007715605,-339.933007715605,0,0,0,0,0,0,20,0,0,0,0,20,20,0,0,0,0,0,0,20,20,0
2099816.94929335,280.15102879624,rectangular,15,1,air,FCC,6,multi-principal elements alloy,machine,-1,,,700,75,force,25,,500,6.32218143693544,Dataset ID 123,280.15102879624,-280.15102879624,0,0,0,0,0,0,20,0,0,0,0,20,20,0,0,0,0,0,0,20,20,0
395.626221154885,331.384615384615,,,1,air,FCC,2,multi-principal elements alloy,machine,-1,,6,,,strain,550,,,2.5972850678733,Dataset ID 124,331.384615384615,-331.384615384615,0,0,0,0,0,0,20,0,0,0,0,20,20,0,0,0,0,0,0,20,20,0
743.14089376398,328.307692307692,,,1,air,FCC,2,multi-principal elements alloy,machine,-1,,6,,,strain,550,,,2.87107116044072,Dataset ID 124,328.307692307692,-328.307692307692,0,0,0,0,0,0,20,0,0,0,0,20,20,0,0,0,0,0,0,20,20,0
3212.08722632402,292.931468531469,,,1,air,FCC,2,multi-principal elements alloy,machine,-1,,6,,,strain,550,,,3.50678733031674,Dataset ID 124,292.931468531469,-292.931468531469,0,0,0,0,0,0,20,0,0,0,0,20,20,0,0,0,0,0,0,20,20,0
5106.50827509384,274.153846153846,,,1,air,FCC,2,multi-principal elements alloy,machine,-1,,6,,,strain,550,,,3.70812404001827,Dataset ID 124,274.153846153846,-274.153846153846,0,0,0,0,0,0,20,0,0,0,0,20,20,0,0,0,0,0,0,20,20,0
39770.1809164136,265.538461538462,,,1,air,FCC,2,multi-principal elements alloy,machine,-1,,6,,,strain,550,,,4.59955756661639,Dataset ID 124,265.538461538462,-265.538461538462,0,0,0,0,0,0,20,0,0,0,0,20,20,0,0,0,0,0,0,20,20,0
58780.1607227491,231.692307692308,,,1,air,FCC,2,multi-principal elements alloy,machine,-1,,6,,,strain,550,,,4.76923076923077,Dataset ID 124,231.692307692308,-231.692307692308,0,0,0,0,0,0,20,0,0,0,0,20,20,0,0,0,0,0,0,20,20,0
665.662075458685,495.001230110609,,,1,air,FCC + BCC,2,multi-principal elements alloy,machine,-1,,7.5,,,strain,25,,,2.82325381474318,Dataset ID 125,495.001230110609,-495.001230110609,0,0,0,0,0,9.1,18.2,0,0,0,0,18.2,18.2,0,0,0,0,0,0,18.2,18.2,0
1329.54453308062,502.234212139105,,,1,air,FCC + BCC,2,multi-principal elements alloy,machine,-1,,7.5,,,strain,25,,,3.12370288860047,Dataset ID 125,502.234212139105,-502.234212139105,0,0,0,0,0,9.1,18.2,0,0,0,0,18.2,18.2,0,0,0,0,0,0,18.2,18.2,0
8152.2100570932,434.854808525153,,,1,air,FCC + BCC,2,multi-principal elements alloy,machine,-1,,7.5,,,strain,25,,,3.91127536156034,Dataset ID 125,434.854808525153,-434.854808525153,0,0,0,0,0,9.1,18.2,0,0,0,0,18.2,18.2,0,0,0,0,0,0,18.2,18.2,0
8969.20138952708,436.804999131668,,,1,air,FCC + BCC,2,multi-principal elements alloy,machine,-1,,7.5,,,strain,25,,,3.9527537755344,Dataset ID 125,436.804999131668,-436.804999131668,0,0,0,0,0,9.1,18.2,0,0,0,0,18.2,18.2,0,0,0,0,0,0,18.2,18.2,0
33515.1742640285,376.929962380518,,,1,air,FCC + BCC,2,multi-principal elements alloy,machine,-1,,7.5,,,strain,25,,,4.52524148187414,Dataset ID 125,376.929962380518,-376.929962380518,0,0,0,0,0,9.1,18.2,0,0,0,0,18.2,18.2,0,0,0,0,0,0,18.2,18.2,0
70815.6975575748,350.724310456917,,,1,air,FCC + BCC,2,multi-principal elements alloy,machine,-1,,7.5,,,strain,25,,,4.85012953744942,Dataset ID 125,350.724310456917,-350.724310456917,0,0,0,0,0,9.1,18.2,0,0,0,0,18.2,18.2,0,0,0,0,0,0,18.2,18.2,0
94248.9514701272,207.168244421149,rectangular,20,1,air,FCC,2,multi-principal elements alloy,machine; polish,0.1,,245.48,625.6,63.1,force,25,,293.1,4.97427652733119,Dataset ID 126,460.373876491442,46.0373876491442,0,0,0,0,0,0,20,0,0,0,0,20,20,0,0,0,0,0,0,20,20,0
144343.644645447,189.164136478081,rectangular,20,1,air,FCC,2,multi-principal elements alloy,machine; polish,0.1,,245.48,625.6,63.1,force,25,,293.1,5.15939766694085,Dataset ID 126,420.364747729069,42.0364747729069,0,0,0,0,0,0,20,0,0,0,0,20,20,0,0,0,0,0,0,20,20,0
179032.529505028,180.154747963324,rectangular,20,1,air,FCC,2,multi-principal elements alloy,machine; polish,0.1,,245.48,625.6,63.1,force,25,,293.1,5.25293194774531,Dataset ID 126,400.343884362942,40.0343884362942,0,0,0,0,0,0,20,0,0,0,0,20,20,0,0,0,0,0,0,20,20,0
228064.209358153,171.166665014424,rectangular,20,1,air,FCC,2,multi-principal elements alloy,machine; polish,0.1,,245.48,625.6,63.1,force,25,,293.1,5.35805713579025,Dataset ID 126,380.37036669872,38.037036669872,0,0,0,0,0,0,20,0,0,0,0,20,20,0,0,0,0,0,0,20,20,0
349394.311266145,162.082841791163,rectangular,20,1,air,FCC,2,multi-principal elements alloy,machine; polish,0.1,,245.48,625.6,63.1,force,25,,293.1,5.54331582965139,Dataset ID 126,360.184092869251,36.0184092869251,0,0,0,0,0,0,20,0,0,0,0,20,20,0,0,0,0,0,0,20,20,0
446187.793405537,153.093815986438,rectangular,20,1,air,FCC,2,multi-principal elements alloy,machine; polish,0.1,,245.48,625.6,63.1,force,25,,293.1,5.64951768488746,Dataset ID 126,340.208479969862,34.0208479969862,0,0,0,0,0,0,20,0,0,0,0,20,20,0,0,0,0,0,0,20,20,0
600761.396012616,143.789693874888,rectangular,20,1,air,FCC,2,multi-principal elements alloy,machine; polish,0.1,,245.48,625.6,63.1,force,25,,293.1,5.77870201780878,Dataset ID 126,319.532653055307,31.9532653055307,0,0,0,0,0,0,20,0,0,0,0,20,20,0,0,0,0,0,0,20,20,0
992623.934643794,137.298948237985,rectangular,20,1,air,FCC,2,multi-principal elements alloy,machine; polish,0.1,,245.48,625.6,63.1,force,25,,293.1,5.99678474291289,Dataset ID 126,305.108773862189,30.5108773862189,0,0,0,0,0,0,20,0,0,0,0,20,20,0,0,0,0,0,0,20,20,0
30476.6997067801,280.115328429408,,25,1,air,FCC,4,multi-principal elements alloy,as-built,0.1,,35,658.3,51.4,force,25,,551,4.48396793587174,Dataset ID 127,622.478507620907,62.2478507620907,0,0,0,0,0,0,25,0,0,0,0,26,25,0,0,0,0,0,0,24,0,0
67404.6157593571,248.570637000129,,25,1,air,FCC,4,multi-principal elements alloy,as-built,0.1,,35,658.3,51.4,force,25,,551,4.82868963733919,Dataset ID 127,552.37919333362,55.237919333362,0,0,0,0,0,0,25,0,0,0,0,26,25,0,0,0,0,0,0,24,0,0
149085.718971082,217.749250341371,,25,1,air,FCC,4,multi-principal elements alloy,as-built,0.1,,35,658.3,51.4,force,25,,551,5.17343604406265,Dataset ID 127,483.887222980824,48.3887222980825,0,0,0,0,0,0,25,0,0,0,0,26,25,0,0,0,0,0,0,24,0,0
193670.028725055,186.562205000075,,25,1,air,FCC,4,multi-principal elements alloy,as-built,0.1,,35,658.3,51.4,force,25,,551,5.28706241696877,Dataset ID 127,414.582677777944,41.4582677777945,0,0,0,0,0,0,25,0,0,0,0,26,25,0,0,0,0,0,0,24,0,0
305839.085188694,124.454061251664,,25,1,air,FCC,4,multi-principal elements alloy,as-built,0.1,,35,658.3,51.4,force,25,,551,5.48549298597194,Dataset ID 127,276.564580559253,27.6564580559253,0,0,0,0,0,0,25,0,0,0,0,26,25,0,0,0,0,0,0,24,0,0
821964.141644302,93.181318088109,,25,1,air,FCC,4,multi-principal elements alloy,as-built,0.1,,35,658.3,51.4,force,25,,551,5.9148528717667,Dataset ID 127,207.069595751353,20.7069595751353,0,0,0,0,0,0,25,0,0,0,0,26,25,0,0,0,0,0,0,24,0,0
9013614.24390669,70.2825538992534,,25,1,air,FCC,4,multi-principal elements alloy,as-built,0.1,,35,658.3,51.4,force,25,,551,6.95489896761031,Dataset ID 127,156.183453109452,15.6183453109452,0,0,0,0,0,0,25,0,0,0,0,26,25,0,0,0,0,0,0,24,0,0
10613.5688002991,242.174573604964,,25,1,air,FCC,4,multi-principal elements alloy,as-built,0.1,,35,637.5,64.8,force,25,,456.3,4.02586143947815,Dataset ID 128,538.165719122142,53.8165719122142,0,0,0,0,0,0,25,0,0,0,0,26,25,0,0,0,0,0,0,24,0,0
69059.4501618829,212.178002797278,,25,1,air,FCC,4,multi-principal elements alloy,as-built,0.1,,35,637.5,64.8,force,25,,456.3,4.8392231162577,Dataset ID 128,471.50667288284,47.150667288284,0,0,0,0,0,0,25,0,0,0,0,26,25,0,0,0,0,0,0,24,0,0
403833.510661322,181.795568923178,,25,1,air,FCC,4,multi-principal elements alloy,as-built,0.1,,35,637.5,64.8,force,25,,456.3,5.60620235445766,Dataset ID 128,403.990153162618,40.3990153162618,0,0,0,0,0,0,25,0,0,0,0,26,25,0,0,0,0,0,0,24,0,0
1069235.60966223,166.878411481892,,25,1,air,FCC,4,multi-principal elements alloy,as-built,0.1,,35,637.5,64.8,force,25,,456.3,6.02907341400358,Dataset ID 128,370.840914404204,37.0840914404204,0,0,0,0,0,0,25,0,0,0,0,26,25,0,0,0,0,0,0,24,0,0
2252640.40789156,159.447808327635,,25,1,air,FCC,4,multi-principal elements alloy,as-built,0.1,,35,637.5,64.8,force,25,,456.3,6.35269187022694,Dataset ID 128,354.3284629503,35.43284629503,0,0,0,0,0,0,25,0,0,0,0,26,25,0,0,0,0,0,0,24,0,0
5169844.25606938,156.333978937175,,25,1,air,FCC,4,multi-principal elements alloy,as-built,0.1,,35,637.5,64.8,force,25,,456.3,6.71347745997045,Dataset ID 128,347.408842082611,34.7408842082611,0,0,0,0,0,0,25,0,0,0,0,26,25,0,0,0,0,0,0,24,0,0
478829.054050119,279.761018457894,,25,1,air,FCC,4,multi-principal elements alloy,machine; polish,0.1,,35,658.3,51.4,force,25,,551,5.68018049434678,Dataset ID 129,621.691152128653,62.1691152128653,0,0,0,0,0,0,25,0,0,0,0,26,25,0,0,0,0,0,0,24,0,0
692327.565039824,249.08658444573,,25,1,air,FCC,4,multi-principal elements alloy,machine; polish,0.1,,35,658.3,51.4,force,25,,551,5.84031162340165,Dataset ID 129,553.525743212733,55.3525743212733,0,0,0,0,0,0,25,0,0,0,0,26,25,0,0,0,0,0,0,24,0,0
949647.230134711,233.731404484969,,25,1,air,FCC,4,multi-principal elements alloy,machine; polish,0.1,,35,658.3,51.4,force,25,,551,5.97756230585893,Dataset ID 129,519.403121077709,51.9403121077709,0,0,0,0,0,0,25,0,0,0,0,26,25,0,0,0,0,0,0,24,0,0
1215976.94435187,227.049477220622,,25,1,air,FCC,4,multi-principal elements alloy,machine; polish,0.1,,35,658.3,51.4,force,25,,551,6.08492534053237,Dataset ID 129,504.554393823604,50.4554393823605,0,0,0,0,0,0,25,0,0,0,0,26,25,0,0,0,0,0,0,24,0,0
5784607.87122257,223.681757656458,,25,1,air,FCC,4,multi-principal elements alloy,machine; polish,0.1,,35,658.3,51.4,force,25,,551,6.76227392419766,Dataset ID 129,497.070572569907,49.7070572569907,0,0,0,0,0,0,25,0,0,0,0,26,25,0,0,0,0,0,0,24,0,0
9826545.52342991,217.801327460821,,25,1,air,FCC,4,multi-principal elements alloy,machine; polish,0.1,,35,658.3,51.4,force,25,,551,6.99240087044799,Dataset ID 129,484.002949912936,48.4002949912936,0,0,0,0,0,0,25,0,0,0,0,26,25,0,0,0,0,0,0,24,0,0
54098.1755306357,286.957390146471,,25,1,air,FCC,4,multi-principal elements alloy,machine; polish,0.1,,35,637.5,64.8,force,25,,456.3,4.73318261870475,Dataset ID 130,637.68308921438,63.768308921438,0,0,0,0,0,0,25,0,0,0,0,26,25,0,0,0,0,0,0,24,0,0
62830.8086272098,291.404797412973,,25,1,air,FCC,4,multi-principal elements alloy,machine; polish,0.1,,35,637.5,64.8,force,25,,456.3,4.79817264908527,Dataset ID 130,647.566216473273,64.7566216473273,0,0,0,0,0,0,25,0,0,0,0,26,25,0,0,0,0,0,0,24,0,0
85090.3993872466,278.50913448735,,25,1,air,FCC,4,multi-principal elements alloy,machine; polish,0.1,,35,637.5,64.8,force,25,,456.3,4.92988056210161,Dataset ID 130,618.909187749667,61.8909187749667,0,0,0,0,0,0,25,0,0,0,0,26,25,0,0,0,0,0,0,24,0,0
174553.936498633,248.84641817527,,25,1,air,FCC,4,multi-principal elements alloy,machine; polish,0.1,,35,637.5,64.8,force,25,,456.3,5.24192964736594,Dataset ID 130,552.992040389489,55.2992040389489,0,0,0,0,0,0,25,0,0,0,0,26,25,0,0,0,0,0,0,24,0,0
244031.280441988,234.230850094611,,25,1,air,FCC,4,multi-principal elements alloy,machine; polish,0.1,,35,637.5,64.8,force,25,,456.3,5.38744549868561,Dataset ID 130,520.513000210247,52.0513000210247,0,0,0,0,0,0,25,0,0,0,0,26,25,0,0,0,0,0,0,24,0,0
1632766.62495263,226.154291563475,,25,1,air,FCC,4,multi-principal elements alloy,machine; polish,0.1,,35,637.5,64.8,force,25,,456.3,6.2129241144744,Dataset ID 130,502.565092363278,50.2565092363278,0,0,0,0,0,0,25,0,0,0,0,26,25,0,0,0,0,0,0,24,0,0
2309913.43870399,228.283047752697,,25,1,air,FCC,4,multi-principal elements alloy,machine; polish,0.1,,35,637.5,64.8,force,25,,456.3,6.3635957055209,Dataset ID 130,507.29566167266,50.729566167266,0,0,0,0,0,0,25,0,0,0,0,26,25,0,0,0,0,0,0,24,0,0
16986.8207347684,603.039169460362,rectangular,30,1,air,FCC,2.75,multi-principal elements alloy,EDM; polish,-1,,0.65,888,,force,25,,800,4.23011210361605,Dataset ID 131,603.039169460362,-603.039169460362,0,0,0,0,0,0,20,0,0,0,0,20,20,0,0,0,0,0,0,20,20,0
39500.7032673871,551.99169036888,rectangular,30,1,air,FCC,2.75,multi-principal elements alloy,EDM; polish,-1,,0.65,888,,force,25,,800,4.59660482783979,Dataset ID 131,551.99169036888,-551.99169036888,0,0,0,0,0,0,20,0,0,0,0,20,20,0,0,0,0,0,0,20,20,0
67122.5327590775,501.565503399779,rectangular,30,1,air,FCC,2.75,multi-principal elements alloy,EDM; polish,-1,,0.65,888,,force,25,,800,4.82686833552235,Dataset ID 131,501.565503399779,-501.565503399779,0,0,0,0,0,0,20,0,0,0,0,20,20,0,0,0,0,0,0,20,20,0
93146.243544166,450.936524185678,rectangular,30,1,air,FCC,2.75,multi-principal elements alloy,EDM; polish,-1,,0.65,888,,force,25,,800,4.9691653451052,Dataset ID 131,450.936524185678,-450.936524185678,0,0,0,0,0,0,20,0,0,0,0,20,20,0,0,0,0,0,0,20,20,0
228099.65307427,400.96235722705,rectangular,30,1,air,FCC,2.75,multi-principal elements alloy,EDM; polish,-1,,0.65,888,,force,25,,800,5.3581246247416,Dataset ID 131,400.96235722705,-400.96235722705,0,0,0,0,0,0,20,0,0,0,0,20,20,0,0,0,0,0,0,20,20,0
371484.651055943,350.771040305798,rectangular,30,1,air,FCC,2.75,multi-principal elements alloy,EDM; polish,-1,,0.65,888,,force,25,,800,5.56994087435658,Dataset ID 131,350.771040305798,-350.771040305798,0,0,0,0,0,0,20,0,0,0,0,20,20,0,0,0,0,0,0,20,20,0
742531.60552249,300.981443594311,rectangular,30,1,air,FCC,2.75,multi-principal elements alloy,EDM; polish,-1,,0.65,888,,force,25,,800,5.87071494393119,Dataset ID 131,300.981443594311,-300.981443594311,0,0,0,0,0,0,20,0,0,0,0,20,20,0,0,0,0,0,0,20,20,0
10958.7377957563,289.843753052642,rectangular,30,1,air,FCC,2.75,multi-principal elements alloy,EDM; polish,-1,,30,676,,force,25,,300,4.03976053590882,Dataset ID 132,289.843753052642,-289.843753052642,0,0,0,0,0,0,20,0,0,0,0,20,20,0,0,0,0,0,0,20,20,0
46162.7076778838,279.734464899665,rectangular,30,1,air,FCC,2.75,multi-principal elements alloy,EDM; polish,-1,,30,676,,force,25,,300,4.66429127447774,Dataset ID 132,279.734464899665,-279.734464899665,0,0,0,0,0,0,20,0,0,0,0,20,20,0,0,0,0,0,0,20,20,0
179932.64916436,270.260074425787,rectangular,30,1,air,FCC,2.75,multi-principal elements alloy,EDM; polish,-1,,30,676,,force,25,,300,5.25510997415937,Dataset ID 132,270.260074425787,-270.260074425787,0,0,0,0,0,0,20,0,0,0,0,20,20,0,0,0,0,0,0,20,20,0
801486.317454389,249.874644934506,rectangular,30,1,air,FCC,2.75,multi-principal elements alloy,EDM; polish,-1,,30,676,,force,25,,300,5.9038961127104,Dataset ID 132,249.874644934506,-249.874644934506,0,0,0,0,0,0,20,0,0,0,0,20,20,0,0,0,0,0,0,20,20,0
1146177.51451597,229.859584394954,rectangular,30,1,air,FCC,2.75,multi-principal elements alloy,EDM; polish,-1,,30,676,,force,25,,300,6.05925188430196,Dataset ID 132,229.859584394954,-229.859584394954,0,0,0,0,0,0,20,0,0,0,0,20,20,0,0,0,0,0,0,20,20,0
3669039.9022196,211.017853480261,rectangular,30,1,air,FCC,2.75,multi-principal elements alloy,EDM; polish,-1,,30,676,,force,25,,300,6.5645524349011,Dataset ID 132,211.017853480261,-211.017853480261,0,0,0,0,0,0,20,0,0,0,0,20,20,0,0,0,0,0,0,20,20,0
8032704.23767865,199.532680943196,rectangular,30,1,air,FCC,2.75,multi-principal elements alloy,EDM; polish,-1,,30,676,,force,25,,300,6.90486177663491,Dataset ID 132,199.532680943196,-199.532680943196,0,0,0,0,0,0,20,0,0,0,0,20,20,0,0,0,0,0,0,20,20,0
3010.27976821605,561.907825422194,rectangular,1,1,air,FCC,4,multi-principal elements alloy,machine; polish,-1,,5.5,900,61,strain,25,,555,3.47860685976202,Dataset ID 133,561.907825422194,-561.907825422194,0,0,0,0,0,0,0,0,0,0,0,10.9,47.4,0,0,0,0,0,0,11.2,30,0.4
3507.96277886977,524.31990495509,rectangular,1,1,air,FCC,4,multi-principal elements alloy,machine; polish,-1,,5.5,900,61,strain,25,,555,3.54505497665032,Dataset ID 133,524.31990495509,-524.31990495509,0,0,0,0,0,0,0,0,0,0,0,10.9,47.4,0,0,0,0,0,0,11.2,30,0.4
4507.27468239767,506.479623640817,rectangular,1,1,air,FCC,4,multi-principal elements alloy,machine; polish,-1,,5.5,900,61,strain,25,,555,3.65391402565796,Dataset ID 133,506.479623640817,-506.479623640817,0,0,0,0,0,0,0,0,0,0,0,10.9,47.4,0,0,0,0,0,0,11.2,30,0.4
6293.90998230873,506.841227477037,rectangular,1,1,air,FCC,4,multi-principal elements alloy,machine; polish,-1,,5.5,900,61,strain,25,,555,3.79892052719078,Dataset ID 133,506.841227477037,-506.841227477037,0,0,0,0,0,0,0,0,0,0,0,10.9,47.4,0,0,0,0,0,0,11.2,30,0.4
9212.24559044583,501.886559313764,rectangular,1,1,air,FCC,4,multi-principal elements alloy,machine; polish,-1,,5.5,900,61,strain,25,,555,3.96436550735925,Dataset ID 133,501.886559313764,-501.886559313764,0,0,0,0,0,0,0,0,0,0,0,10.9,47.4,0,0,0,0,0,0,11.2,30,0.4
12056.5358125893,494.624136711111,rectangular,1,1,air,FCC,4,multi-principal elements alloy,machine; polish,-1,,5.5,900,61,strain,25,,555,4.08122254050764,Dataset ID 133,494.624136711111,-494.624136711111,0,0,0,0,0,0,0,0,0,0,0,10.9,47.4,0,0,0,0,0,0,11.2,30,0.4
15613.3805451743,489.246367988482,rectangular,1,1,air,FCC,4,multi-principal elements alloy,machine; polish,-1,,5.5,900,61,strain,25,,555,4.19349694490511,Dataset ID 133,489.246367988482,-489.246367988482,0,0,0,0,0,0,0,0,0,0,0,10.9,47.4,0,0,0,0,0,0,11.2,30,0.4
28043.5403773113,409.243627144159,rectangular,1,1,air,FCC,4,multi-principal elements alloy,machine; polish,-1,,5.5,900,61,strain,25,,555,4.44783284058102,Dataset ID 133,409.243627144159,-409.243627144159,0,0,0,0,0,0,0,0,0,0,0,10.9,47.4,0,0,0,0,0,0,11.2,30,0.4
3808.43008796532,364.200305231873,rectangular,1,1,air,FCC,4,multi-principal elements alloy,machine; polish,-1,,70,728,73,strain,25,,292,3.58074598758082,Dataset ID 134,364.200305231873,-364.200305231873,0,0,0,0,0,0,0,0,0,0,0,10.9,47.4,0,0,0,0,0,0,11.2,30,0.4
3912.22310173646,364.051914361684,rectangular,1,1,air,FCC,4,multi-principal elements alloy,machine; polish,-1,,70,728,73,strain,25,,292,3.59242361326543,Dataset ID 134,364.051914361684,-364.051914361684,0,0,0,0,0,0,0,0,0,0,0,10.9,47.4,0,0,0,0,0,0,11.2,30,0.4
4019.67186513078,381.294162406631,rectangular,1,1,air,FCC,4,multi-principal elements alloy,machine; polish,-1,,70,728,73,strain,25,,292,3.60419060209456,Dataset ID 134,381.294162406631,-381.294162406631,0,0,0,0,0,0,0,0,0,0,0,10.9,47.4,0,0,0,0,0,0,11.2,30,0.4
5021.89378939714,359.119855962139,rectangular,1,1,air,FCC,4,multi-principal elements alloy,machine; polish,-1,,70,728,73,strain,25,,292,3.70086752335769,Dataset ID 134,359.119855962139,-359.119855962139,0,0,0,0,0,0,0,0,0,0,0,10.9,47.4,0,0,0,0,0,0,11.2,30,0.4
6469.32228843062,339.527901175444,rectangular,1,1,air,FCC,4,multi-principal elements alloy,machine; polish,-1,,70,728,73,strain,25,,292,3.81085878734399,Dataset ID 134,339.527901175444,-339.527901175444,0,0,0,0,0,0,0,0,0,0,0,10.9,47.4,0,0,0,0,0,0,11.2,30,0.4
7545.30541892952,359.044025596165,rectangular,1,1,air,FCC,4,multi-principal elements alloy,machine; polish,-1,,70,728,73,strain,25,,292,3.87767682384271,Dataset ID 134,359.044025596165,-359.044025596165,0,0,0,0,0,0,0,0,0,0,0,10.9,47.4,0,0,0,0,0,0,11.2,30,0.4
12056.7716973535,322.054050256774,rectangular,1,1,air,FCC,4,multi-principal elements alloy,machine; polish,-1,,70,728,73,strain,25,,292,4.0812310373471,Dataset ID 134,322.054050256774,-322.054050256774,0,0,0,0,0,0,0,0,0,0,0,10.9,47.4,0,0,0,0,0,0,11.2,30,0.4
12056.8507158889,339.527901175444,rectangular,1,1,air,FCC,4,multi-principal elements alloy,machine; polish,-1,,70,728,73,strain,25,,292,4.08123388364811,Dataset ID 134,339.527901175444,-339.527901175444,0,0,0,0,0,0,0,0,0,0,0,10.9,47.4,0,0,0,0,0,0,11.2,30,0.4
19143.1779784126,304.334105947605,rectangular,1,1,air,FCC,4,multi-principal elements alloy,machine; polish,-1,,70,728,73,strain,25,,292,4.28201403709388,Dataset ID 134,304.334105947605,-304.334105947605,0,0,0,0,0,0,0,0,0,0,0,10.9,47.4,0,0,0,0,0,0,11.2,30,0.4
21602.5963051336,293.906930649446,rectangular,1,1,air,FCC,4,multi-principal elements alloy,machine; polish,-1,,70,728,73,strain,25,,292,4.33450594991168,Dataset ID 134,293.906930649446,-293.906930649446,0,0,0,0,0,0,0,0,0,0,0,10.9,47.4,0,0,0,0,0,0,11.2,30,0.4
25154.2994167378,299.57598797075,rectangular,1,1,air,FCC,4,multi-principal elements alloy,machine; polish,-1,,70,728,73,strain,25,,292,4.40061222610693,Dataset ID 134,299.57598797075,-299.57598797075,0,0,0,0,0,0,0,0,0,0,0,10.9,47.4,0,0,0,0,0,0,11.2,30,0.4
5047.81601057582,164.147515728096,circular,127.5,1,air,FCC,1.75,multi-principal elements alloy,EDM,0.1,,375,362,38.7,force,25,,159,3.70310351678919,Dataset ID 138,364.772257173547,36.4772257173547,0,0,0,0,0,0,20,0,0,0,0,20,20,0,0,0,0,0,0,20,20,0
46900.0336876647,146.211484862721,circular,127.5,1,air,FCC,1.75,multi-principal elements alloy,EDM,0.1,,375,362,38.7,force,25,,159,4.67117315466309,Dataset ID 138,324.914410806047,32.4914410806047,0,0,0,0,0,0,20,0,0,0,0,20,20,0,0,0,0,0,0,20,20,0
92162.6528665845,152.886609534259,circular,127.5,1,air,FCC,1.75,multi-principal elements alloy,EDM,0.1,,375,362,38.7,force,25,,159,4.96455496725901,Dataset ID 138,339.748021187242,33.9748021187242,0,0,0,0,0,0,20,0,0,0,0,20,20,0,0,0,0,0,0,20,20,0
101772.095335181,134.942743613592,circular,127.5,1,air,FCC,1.75,multi-principal elements alloy,EDM,0.1,,375,362,38.7,force,25,,159,5.00762871608308,Dataset ID 138,299.87276358576,29.987276358576,0,0,0,0,0,0,20,0,0,0,0,20,20,0,0,0,0,0,0,20,20,0
110676.975421464,134.906973103973,circular,127.5,1,air,FCC,1.75,multi-principal elements alloy,EDM,0.1,,375,362,38.7,force,25,,159,5.04405728223873,Dataset ID 138,299.793273564384,29.9793273564384,0,0,0,0,0,0,20,0,0,0,0,20,20,0,0,0,0,0,0,20,20,0
271639.490073801,123.679795457091,circular,127.5,1,air,FCC,1.75,multi-principal elements alloy,EDM,0.1,,375,362,38.7,force,25,,159,5.4339929065306,Dataset ID 138,274.843989904647,27.4843989904647,0,0,0,0,0,0,20,0,0,0,0,20,20,0,0,0,0,0,0,20,20,0
308407.03048702,112.353530914385,circular,127.5,1,air,FCC,1.75,multi-principal elements alloy,EDM,0.1,,375,362,38.7,force,25,,159,5.4891242697256,Dataset ID 138,249.674513143078,24.9674513143078,0,0,0,0,0,0,20,0,0,0,0,20,20,0,0,0,0,0,0,20,20,0
365294.115695991,112.427497314715,circular,127.5,1,air,FCC,1.75,multi-principal elements alloy,EDM,0.1,,375,362,38.7,force,25,,159,5.5626426764787,Dataset ID 138,249.838882921589,24.9838882921589,0,0,0,0,0,0,20,0,0,0,0,20,20,0,0,0,0,0,0,20,20,0
571875.917351294,123.595890410959,circular,127.5,1,air,FCC,1.75,multi-principal elements alloy,EDM,0.1,,375,362,38.7,force,25,,159,5.75730180806676,Dataset ID 138,274.657534246576,27.4657534246576,0,0,0,0,0,0,20,0,0,0,0,20,20,0,0,0,0,0,0,20,20,0
1447740.38856158,89.9487922463967,circular,127.5,1,air,FCC,1.75,multi-principal elements alloy,EDM,0.1,,375,362,38.7,force,25,,159,6.16069069036692,Dataset ID 138,199.886204991993,19.9886204991993,0,0,0,0,0,0,20,0,0,0,0,20,20,0,0,0,0,0,0,20,20,0
2016420.95186979,101.117374037978,circular,127.5,1,air,FCC,1.75,multi-principal elements alloy,EDM,0.1,,375,362,38.7,force,25,,159,6.30458120137976,Dataset ID 138,224.705275639951,22.4705275639951,0,0,0,0,0,0,20,0,0,0,0,20,20,0,0,0,0,0,0,20,20,0
3409393.84821057,101.061922993285,circular,127.5,1,air,FCC,1.75,multi-principal elements alloy,EDM,0.1,,375,362,38.7,force,25,,159,6.53267717319272,Dataset ID 138,224.582051096189,22.4582051096189,0,0,0,0,0,0,20,0,0,0,0,20,20,0,0,0,0,0,0,20,20,0
2703.94218295822,387.336991637175,rectangular,1,1,air,FCC,4,multi-principal elements alloy,machine; polish,-1,,65,540,70,strain,25,,225,3.43199740106743,Dataset ID 143,387.336991637175,-387.336991637175,0,0,0,0,0,0,20,0,0,0,0,20,20,0,0,0,0,0,0,20,20,0
4336.20371677789,363.577201314875,rectangular,1,1,air,FCC,4,multi-principal elements alloy,machine; polish,-1,,65,540,70,strain,25,,225,3.63710967735741,Dataset ID 143,363.577201314875,-363.577201314875,0,0,0,0,0,0,20,0,0,0,0,20,20,0,0,0,0,0,0,20,20,0
5735.7017251567,344.819045288426,rectangular,1,1,air,FCC,4,multi-principal elements alloy,machine; polish,-1,,65,540,70,strain,25,,225,3.75858655854421,Dataset ID 143,344.819045288426,-344.819045288426,0,0,0,0,0,0,20,0,0,0,0,20,20,0,0,0,0,0,0,20,20,0
6835.98833964513,333.068474114806,rectangular,1,1,air,FCC,4,multi-principal elements alloy,machine; polish,-1,,65,540,70,strain,25,,225,3.83480131325992,Dataset ID 143,333.068474114806,-333.068474114806,0,0,0,0,0,0,20,0,0,0,0,20,20,0,0,0,0,0,0,20,20,0
8028.61214168585,342.316022207478,rectangular,1,1,air,FCC,4,multi-principal elements alloy,machine; polish,-1,,65,540,70,strain,25,,225,3.90464047786891,Dataset ID 143,342.316022207478,-342.316022207478,0,0,0,0,0,0,20,0,0,0,0,20,20,0,0,0,0,0,0,20,20,0
10933.2262810441,299.815496470576,rectangular,1,1,air,FCC,4,multi-principal elements alloy,machine; polish,-1,,65,540,70,strain,25,,225,4.03874833663414,Dataset ID 143,299.815496470576,-299.815496470576,0,0,0,0,0,0,20,0,0,0,0,20,20,0,0,0,0,0,0,20,20,0
12638.2789431856,300.308622088163,rectangular,1,1,air,FCC,4,multi-principal elements alloy,machine; polish,-1,,65,540,70,strain,25,,225,4.10168793657547,Dataset ID 143,300.308622088163,-300.308622088163,0,0,0,0,0,0,20,0,0,0,0,20,20,0,0,0,0,0,0,20,20,0
22043.167780548,281.903495833945,rectangular,1,1,air,FCC,4,multi-principal elements alloy,machine; polish,-1,,65,540,70,strain,25,,225,4.34327400627566,Dataset ID 143,281.903495833945,-281.903495833945,0,0,0,0,0,0,20,0,0,0,0,20,20,0,0,0,0,0,0,20,20,0
27051.5999492094,281.744806325415,rectangular,1,1,air,FCC,4,multi-principal elements alloy,machine; polish,-1,,65,540,70,strain,25,,225,4.43219295626567,Dataset ID 143,281.744806325415,-281.744806325415,0,0,0,0,0,0,20,0,0,0,0,20,20,0,0,0,0,0,0,20,20,0
1742.30828272768,529.341096056369,rectangular,1,1,air,FCC,4,multi-principal elements alloy,EDM; polish,-1,,4,791,47,strain,25,,474,3.2411250012124,Dataset ID 144,529.341096056369,-529.341096056369,0,0,0,0,0,0,20,0,0,0,0,20,20,0,0,0,0,0,0,20,20,0
3201.60318257877,499.321693584076,rectangular,1,1,air,FCC,4,multi-principal elements alloy,EDM; polish,-1,,4,791,47,strain,25,,474,3.50536750300619,Dataset ID 144,499.321693584076,-499.321693584076,0,0,0,0,0,0,20,0,0,0,0,20,20,0,0,0,0,0,0,20,20,0
5005.35772294474,469.282658547687,rectangular,1,1,air,FCC,4,multi-principal elements alloy,EDM; polish,-1,,4,791,47,strain,25,,474,3.69943512108592,Dataset ID 144,469.282658547687,-469.282658547687,0,0,0,0,0,0,20,0,0,0,0,20,20,0,0,0,0,0,0,20,20,0
14018.175435918,429.196786665961,rectangular,1,1,air,FCC,4,multi-principal elements alloy,EDM; polish,-1,,4,791,47,strain,25,,474,4.14669149082903,Dataset ID 144,429.196786665961,-429.196786665961,0,0,0,0,0,0,20,0,0,0,0,20,20,0,0,0,0,0,0,20,20,0
16712.255237063,424.745910860968,rectangular,1,1,air,FCC,4,multi-principal elements alloy,EDM; polish,-1,,4,791,47,strain,25,,474,4.22303505976316,Dataset ID 144,424.745910860968,-424.745910860968,0,0,0,0,0,0,20,0,0,0,0,20,20,0,0,0,0,0,0,20,20,0
2416.02539648395,504.466824355519,rectangular,1,1,air,FCC,4,multi-principal elements alloy,EDM; polish,-1,,10,783,50,strain,25,,410,3.38310149513737,Dataset ID 145,504.466824355519,-504.466824355519,0,0,0,0,0,0,20,0,0,0,0,20,20,0,0,0,0,0,0,20,20,0
4992.74092097442,464.224001338969,rectangular,1,1,air,FCC,4,multi-principal elements alloy,EDM; polish,-1,,10,783,50,strain,25,,410,3.69833903060339,Dataset ID 145,464.224001338969,-464.224001338969,0,0,0,0,0,0,20,0,0,0,0,20,20,0,0,0,0,0,0,20,20,0
10036.8607872447,426.879150607695,rectangular,1,1,air,FCC,4,multi-principal elements alloy,EDM; polish,-1,,10,783,50,strain,25,,410,4.00159790046237,Dataset ID 145,426.879150607695,-426.879150607695,0,0,0,0,0,0,20,0,0,0,0,20,20,0,0,0,0,0,0,20,20,0
24100.8053960386,379.564839134689,rectangular,1,1,air,FCC,4,multi-principal elements alloy,EDM; polish,-1,,10,783,50,strain,25,,410,4.38203155598611,Dataset ID 145,379.564839134689,-379.564839134689,0,0,0,0,0,0,20,0,0,0,0,20,20,0,0,0,0,0,0,20,20,0
30217.0770940447,370.152022612317,rectangular,1,1,air,FCC,4,multi-principal elements alloy,EDM; polish,-1,,10,783,50,strain,25,,410,4.48025245261319,Dataset ID 145,370.152022612317,-370.152022612317,0,0,0,0,0,0,20,0,0,0,0,20,20,0,0,0,0,0,0,20,20,0
2912.95200009149,454.279129081886,rectangular,1,1,air,FCC,4,multi-principal elements alloy,EDM; polish,-1,,15,775,51,strain,25,,409,3.4643333283396,Dataset ID 146,454.279129081886,-454.279129081886,0,0,0,0,0,0,20,0,0,0,0,20,20,0,0,0,0,0,0,20,20,0
3114.02809078974,454.076125585803,rectangular,1,1,air,FCC,4,multi-principal elements alloy,EDM; polish,-1,,15,775,51,strain,25,,409,3.49332252590068,Dataset ID 146,454.076125585803,-454.076125585803,0,0,0,0,0,0,20,0,0,0,0,20,20,0,0,0,0,0,0,20,20,0
5497.17738777619,421.759586225165,rectangular,1,1,air,FCC,4,multi-principal elements alloy,EDM; polish,-1,,15,775,51,strain,25,,409,3.74013975138985,Dataset ID 146,421.759586225165,-421.759586225165,0,0,0,0,0,0,20,0,0,0,0,20,20,0,0,0,0,0,0,20,20,0
9748.83430672596,381.496805016052,rectangular,1,1,air,FCC,4,multi-principal elements alloy,EDM; polish,-1,,15,775,51,strain,25,,409,3.98895268909112,Dataset ID 146,381.496805016052,-381.496805016052,0,0,0,0,0,0,20,0,0,0,0,20,20,0,0,0,0,0,0,20,20,0
24994.6229320928,350.102514322494,rectangular,1,1,air,FCC,4,multi-principal elements alloy,EDM; polish,-1,,15,775,51,strain,25,,409,4.3978465893884,Dataset ID 146,350.102514322494,-350.102514322494,0,0,0,0,0,0,20,0,0,0,0,20,20,0,0,0,0,0,0,20,20,0
2409.63509019904,412.500694737525,rectangular,1,1,air,FCC,4,multi-principal elements alloy,EDM; polish,-1,,66,683,60,strain,25,,300,3.38195127895987,Dataset ID 147,412.500694737525,-412.500694737525,0,0,0,0,0,0,20,0,0,0,0,20,20,0,0,0,0,0,0,20,20,0
2601.55696946494,404.521155888827,rectangular,1,1,air,FCC,4,multi-principal elements alloy,EDM; polish,-1,,66,683,60,strain,25,,300,3.41523334061198,Dataset ID 147,404.521155888827,-404.521155888827,0,0,0,0,0,0,20,0,0,0,0,20,20,0,0,0,0,0,0,20,20,0
4342.23816463791,369.405212463452,rectangular,1,1,air,FCC,4,multi-principal elements alloy,EDM; polish,-1,,66,683,60,strain,25,,300,3.63771364011135,Dataset ID 147,369.405212463452,-369.405212463452,0,0,0,0,0,0,20,0,0,0,0,20,20,0,0,0,0,0,0,20,20,0
4472.11231737666,364.787463981187,rectangular,1,1,air,FCC,4,multi-principal elements alloy,EDM; polish,-1,,66,683,60,strain,25,,300,3.65051270234804,Dataset ID 147,364.787463981187,-364.787463981187,0,0,0,0,0,0,20,0,0,0,0,20,20,0,0,0,0,0,0,20,20,0
8366.71593732073,344.781405259087,rectangular,1,1,air,FCC,4,multi-principal elements alloy,EDM; polish,-1,,66,683,60,strain,25,,300,3.92255502428052,Dataset ID 147,344.781405259087,-344.781405259087,0,0,0,0,0,0,20,0,0,0,0,20,20,0,0,0,0,0,0,20,20,0
8842.80558622501,339.407967415552,rectangular,1,1,air,FCC,4,multi-principal elements alloy,EDM; polish,-1,,66,683,60,strain,25,,300,3.94659007692536,Dataset ID 147,339.407967415552,-339.407967415552,0,0,0,0,0,0,20,0,0,0,0,20,20,0,0,0,0,0,0,20,20,0
19079.497989242,305.011982529907,rectangular,1,1,air,FCC,4,multi-principal elements alloy,EDM; polish,-1,,66,683,60,strain,25,,300,4.2805669435667,Dataset ID 147,305.011982529907,-305.011982529907,0,0,0,0,0,0,20,0,0,0,0,20,20,0,0,0,0,0,0,20,20,0
2535.70598290425,334.457820143929,,1,1,air,FCC,4,multi-principal elements alloy,machine; polish,-1,,,522,85,strain,25,,196,3.40409889534343,Dataset ID 149,334.457820143929,-334.457820143929,0,0,0,0,0,0,0,0,0,0,0,10,40,0,0,0,0,0,0,10,40,0
3752.09897429092,316.86319625615,,1,1,air,FCC,4,multi-principal elements alloy,machine; polish,-1,,,522,85,strain,25,,196,3.57427428584281,Dataset ID 149,316.86319625615,-316.86319625615,0,0,0,0,0,0,0,0,0,0,0,10,40,0,0,0,0,0,0,10,40,0
4059.16985202657,324.289862369321,,1,1,air,FCC,4,multi-principal elements alloy,machine; polish,-1,,,522,85,strain,25,,196,3.608437224329,Dataset ID 149,324.289862369321,-324.289862369321,0,0,0,0,0,0,0,0,0,0,0,10,40,0,0,0,0,0,0,10,40,0
4557.30284075129,319.3055124343,,1,1,air,FCC,4,multi-principal elements alloy,machine; polish,-1,,,522,85,strain,25,,196,3.65870788916993,Dataset ID 149,319.3055124343,-319.3055124343,0,0,0,0,0,0,0,0,0,0,0,10,40,0,0,0,0,0,0,10,40,0
6464.92442043167,299.376399229562,,1,1,air,FCC,4,multi-principal elements alloy,machine; polish,-1,,,522,85,strain,25,,196,3.81056345203446,Dataset ID 149,299.376399229562,-299.376399229562,0,0,0,0,0,0,0,0,0,0,0,10,40,0,0,0,0,0,0,10,40,0
9806.80022926047,274.76561308455,,1,1,air,FCC,4,multi-principal elements alloy,machine; polish,-1,,,522,85,strain,25,,196,3.99152732853614,Dataset ID 149,274.76561308455,-274.76561308455,0,0,0,0,0,0,0,0,0,0,0,10,40,0,0,0,0,0,0,10,40,0
17189.8986406736,259.351332954429,,1,1,air,FCC,4,multi-principal elements alloy,machine; polish,-1,,,522,85,strain,25,,196,4.2352733159002,Dataset ID 149,259.351332954429,-259.351332954429,0,0,0,0,0,0,0,0,0,0,0,10,40,0,0,0,0,0,0,10,40,0
26326.1249771096,242.400869034061,,1,1,air,FCC,4,multi-principal elements alloy,machine; polish,-1,,,522,85,strain,25,,196,4.42038693867659,Dataset ID 149,242.400869034061,-242.400869034061,0,0,0,0,0,0,0,0,0,0,0,10,40,0,0,0,0,0,0,10,40,0
631.321826118042,399.931825674846,,1,1,air,FCC,4,multi-principal elements alloy,machine; polish; ultrasonic nanocrystal surface modification,-1,,,533,48,strain,25,,307,2.80025080405691,Dataset ID 150,399.931825674846,-399.931825674846,0,0,0,0,0,0,0,0,0,0,0,10,40,0,0,0,0,0,0,10,40,0
1008.47589781558,392.628497017973,,1,1,air,FCC,4,multi-principal elements alloy,machine; polish; ultrasonic nanocrystal surface modification,-1,,,533,48,strain,25,,307,3.00366552320245,Dataset ID 150,392.628497017973,-392.628497017973,0,0,0,0,0,0,0,0,0,0,0,10,40,0,0,0,0,0,0,10,40,0
1389.80991261349,367.423461417477,,1,1,air,FCC,4,multi-principal elements alloy,machine; polish; ultrasonic nanocrystal surface modification,-1,,,533,48,strain,25,,307,3.14295540489559,Dataset ID 150,367.423461417477,-367.423461417477,0,0,0,0,0,0,0,0,0,0,0,10,40,0,0,0,0,0,0,10,40,0
2419.31211969973,359.609222064851,,1,1,air,FCC,4,multi-principal elements alloy,machine; polish; ultrasonic nanocrystal surface modification,-1,,,533,48,strain,25,,307,3.3836919010692,Dataset ID 150,359.609222064851,-359.609222064851,0,0,0,0,0,0,0,0,0,0,0,10,40,0,0,0,0,0,0,10,40,0
5055.69021462363,332.617032264483,,1,1,air,FCC,4,multi-principal elements alloy,machine; polish; ultrasonic nanocrystal surface modification,-1,,,533,48,strain,25,,307,3.70378045487058,Dataset ID 150,332.617032264483,-332.617032264483,0,0,0,0,0,0,0,0,0,0,0,10,40,0,0,0,0,0,0,10,40,0
14097.8250880382,307.274589603142,,1,1,air,FCC,4,multi-principal elements alloy,machine; polish; ultrasonic nanocrystal surface modification,-1,,,533,48,strain,25,,307,4.14915211796607,Dataset ID 150,307.274589603142,-307.274589603142,0,0,0,0,0,0,0,0,0,0,0,10,40,0,0,0,0,0,0,10,40,0
4815.65572512971,554.957845416746,circular,,1,air,FCC,2,multi-principal elements alloy,machine,-1,,7,,,strain,25,,,3.68265543131853,Dataset ID 160,554.957845416746,-554.957845416746,0,0,0,0,0,0,33.3,0,0,0,0,33.3,0,0,0,0,0,0,0,33.3,0,0
7820.71009481091,520.224685839028,circular,,1,air,FCC,2,multi-principal elements alloy,machine,-1,,7,,,strain,25,,,3.89324618736383,Dataset ID 160,520.224685839028,-520.224685839028,0,0,0,0,0,0,33.3,0,0,0,0,33.3,0,0,0,0,0,0,0,33.3,0,0
11279.8038459679,522.978680971486,circular,,1,air,FCC,2,multi-principal elements alloy,machine,-1,,7,,,strain,25,,,4.05230154739959,Dataset ID 160,522.978680971486,-522.978680971486,0,0,0,0,0,0,33.3,0,0,0,0,33.3,0,0,0,0,0,0,0,33.3,0,0
13927.0299514301,484.787899685755,circular,,1,air,FCC,2,multi-principal elements alloy,machine,-1,,7,,,strain,25,,,4.14385850958741,Dataset ID 160,484.787899685755,-484.787899685755,0,0,0,0,0,0,33.3,0,0,0,0,33.3,0,0,0,0,0,0,0,33.3,0,0
18474.1136168022,485.355891287007,circular,,1,air,FCC,2,multi-principal elements alloy,machine,-1,,7,,,strain,25,,,4.26656361022971,Dataset ID 160,485.355891287007,-485.355891287007,0,0,0,0,0,0,33.3,0,0,0,0,33.3,0,0,0,0,0,0,0,33.3,0,0
25043.3723339594,476.312495610558,circular,,1,air,FCC,2,multi-principal elements alloy,machine,-1,,7,,,strain,25,,,4.39869281045752,Dataset ID 160,476.312495610558,-476.312495610558,0,0,0,0,0,0,33.3,0,0,0,0,33.3,0,0,0,0,0,0,0,33.3,0,0
88656.874834549,450.174226182045,circular,,1,air,FCC,2,multi-principal elements alloy,machine,-1,,7,,,strain,25,,,4.94771241830065,Dataset ID 160,450.174226182045,-450.174226182045,0,0,0,0,0,0,33.3,0,0,0,0,33.3,0,0,0,0,0,0,0,33.3,0,0
100680.891511795,481.936734100308,circular,,1,air,FCC,2,multi-principal elements alloy,machine,-1,,7,,,strain,25,,,5.0029470524955,Dataset ID 160,481.936734100308,-481.936734100308,0,0,0,0,0,0,33.3,0,0,0,0,33.3,0,0,0,0,0,0,0,33.3,0,0
