Data source,Material_Code,Sequence,Resin Type,Waveform,Control,Fibre Volume Fraction,Fibre Weight Fraction,Percentage of Fibre in 0-deg Direction,Percentage of Fibre in 45-deg Direction,Percentage of Fibre in 90-deg Direction,Percentage of Fibre in Other Direction,Thickness,Tab Thickness,Width,Maximum Width,Minimum Width,Length,Gauge Length,Load Length,Area,Maximum Stress,Minimum Stress,Maximum Strain,Minimum Strain,R-value,Frequency,Static Maximum Tensile Stress,Static Maximum Compressive Stress,Static Elastic Modulus,Static Compressive Modulus,Static Maximum Tensile Strain,Static Maximum Compressive Strain,Cycles to Failure,log(Cycles to Failure)
SNL/MSU/DOE,MD-QQ1-EP2-S[(±45)/(0)2]S,45/-45/0/0/0/0/-45/45,EP,UNK,UNK,52,,57,26,16,1,4.09000015258789,,,,,,,,,448,44.7999992370606,1.33000004291534,,0.100000001490116,2,868.888916015625,-689.700012207031,32.966667175293,,2.62777781486511,-2.07399988174438,1109,3.04493165016174
SNL/MSU/DOE,MD-QQ1-EP2-S[(±45)/(0)2]S,45/-45/0/0/0/0/-45/45,EP,UNK,UNK,52,,57,26,16,1,4.09000015258789,,,,,,,,,448,44.7999992370606,1.37999999523163,,0.100000001490116,2,868.888916015625,-689.700012207031,32.966667175293,,2.62777781486511,-2.07399988174438,679,2.83186984062195
SNL/MSU/DOE,MD-QQ1-EP2-S[(±45)/(0)2]S,45/-45/0/0/0/0/-45/45,EP,UNK,UNK,52,,57,26,16,1,4.09000015258789,,,,,,,,,448,44.7999992370606,1.39999997615814,,0.100000001490116,2,868.888916015625,-689.700012207031,32.966667175293,,2.62777781486511,-2.07399988174438,915,2.96142101287842
SNL/MSU/DOE,MD-QQ1-EP2-S[(±45)/(0)2]S,45/-45/0/0/0/0/-45/45,EP,UNK,UNK,52,,57,26,16,1,4.09000015258789,,,,,,,,,241,24.1000003814697,0.769999980926514,,0.100000001490116,4,868.888916015625,-689.700012207031,32.966667175293,,2.62777781486511,-2.07399988174438,43719,4.64067029953003
SNL/MSU/DOE,MD-QQ1-EP2-S[(±45)/(0)2]S,45/-45/0/0/0/0/-45/45,EP,UNK,UNK,52,,57,26,16,1,4.09000015258789,,,,,,,,,241,24.1000003814697,0.72000002861023,,0.100000001490116,4,868.888916015625,-689.700012207031,32.966667175293,,2.62777781486511,-2.07399988174438,34816,4.54177904129028
SNL/MSU/DOE,MD-QQ1-EP2-S[(±45)/(0)2]S,45/-45/0/0/0/0/-45/45,EP,UNK,UNK,52,,57,26,16,1,4.09000015258789,,,,,,,,,241,24.1000003814697,0.759999990463257,,0.100000001490116,4,868.888916015625,-689.700012207031,32.966667175293,,2.62777781486511,-2.07399988174438,32000,4.50514984130859
SNL/MSU/DOE,MD-QQ1-EP2-S[(±45)/(0)2]S,45/-45/0/0/0/0/-45/45,EP,UNK,UNK,52,,57,26,16,1,4.09000015258789,,,,,,,,,172,17.2000007629395,0.529999971389771,,0.100000001490116,5,868.888916015625,-689.700012207031,32.966667175293,,2.62777781486511,-2.07399988174438,329999,5.51851272583008
SNL/MSU/DOE,MD-QQ1-EP2-S[(±45)/(0)2]S,45/-45/0/0/0/0/-45/45,EP,UNK,UNK,52,,57,26,16,1,4.09000015258789,,,,,,,,,172,17.2000007629395,0.540000021457672,,0.100000001490116,4,868.888916015625,-689.700012207031,32.966667175293,,2.62777781486511,-2.07399988174438,137319,5.13773059844971
SNL/MSU/DOE,MD-QQ1-EP2-S[(±45)/(0)2]S,45/-45/0/0/0/0/-45/45,EP,UNK,UNK,52,,57,26,16,1,4.09000015258789,,,,,,,,,172,17.2000007629395,0.540000021457672,,0.100000001490116,5,868.888916015625,-689.700012207031,32.966667175293,,2.62777781486511,-2.07399988174438,388653,5.5895619392395
SNL/MSU/DOE,MD-QQ1-EP2-S[(±45)/(0)2]S,45/-45/0/0/0/0/-45/45,EP,UNK,UNK,52,,57,26,16,1,4.09000015258789,,,,,,,,,155,15.5,0.469999998807907,,0.100000001490116,6,868.888916015625,-689.700012207031,32.966667175293,,2.62777781486511,-2.07399988174438,710181,5.85136890411377
SNL/MSU/DOE,MD-QQ1-EP2-S[(±45)/(0)2]S,45/-45/0/0/0/0/-45/45,EP,UNK,UNK,52,,57,26,16,1,4.09000015258789,,,,,,,,,138,13.8000001907349,0.400000005960465,,0.100000001490116,8,868.888916015625,-689.700012207031,32.966667175293,,2.62777781486511,-2.07399988174438,2471561,6.39297151565552
SNL/MSU/DOE,MD-QQ1-EP2-S[(±45)/(0)2]S,45/-45/0/0/0/0/-45/45,EP,UNK,UNK,52,,57,26,16,1,4.09000015258789,,,,,,,,,138,13.8000001907349,0.409999996423721,,0.100000001490116,10,868.888916015625,-689.700012207031,32.966667175293,,2.62777781486511,-2.07399988174438,3580200,6.55390739440918
SNL/MSU/DOE,MD-QQ1-EP2-S[(±45)/(0)2]S,45/-45/0/0/0/0/-45/45,EP,UNK,UNK,52,,57,26,16,1,4.09000015258789,,,,,,,,,138,13.8000001907349,0.409999996423721,,0.100000001490116,8,868.888916015625,-689.700012207031,32.966667175293,,2.62777781486511,-2.07399988174438,4657452,6.66814851760864
SNL/MSU/DOE,MD-QQ1-EP2-S[(±45)/(0)2]S,45/-45/0/0/0/0/-45/45,EP,UNK,UNK,52,,57,26,16,1,4.09000015258789,,,,,,,,,138,13.8000001907349,0.409999996423721,,0.100000001490116,8,868.888916015625,-689.700012207031,32.966667175293,,2.62777781486511,-2.07399988174438,4571967,6.66010332107544
SNL/MSU/DOE,MD-QQ1-EP2-S[(±45)/(0)2]S,45/-45/0/0/0/0/-45/45,EP,UNK,UNK,52,,57,26,16,1,4.09000015258789,,,,,,,,,483,48.2999992370606,1.46000003814697,,0.100000001490116,1,868.888916015625,-689.700012207031,32.966667175293,,2.62777781486511,-2.07399988174438,805,2.90579581260681
SNL/MSU/DOE,MD-QQ1-EP2-S[(±45)/(0)2]S,45/-45/0/0/0/0/-45/45,EP,UNK,UNK,52,,57,26,16,1,4.09000015258789,,,,,,,,,517,51.7000007629395,1.55999994277954,,0.100000001490116,1,868.888916015625,-689.700012207031,32.966667175293,,2.62777781486511,-2.07399988174438,567,2.75358295440674
SNL/MSU/DOE,MD-QQ1-EP2-S[(±45)/(0)2]S,45/-45/0/0/0/0/-45/45,EP,UNK,UNK,52,,57,26,16,1,4.09000015258789,,,,,,,,,552,55.2000007629395,1.66999995708466,,0.100000001490116,1,868.888916015625,-689.700012207031,32.966667175293,,2.62777781486511,-2.07399988174438,330,2.51851391792297
SNL/MSU/DOE,MD-QQ1-EP2-S[(±45)/(0)2]S,45/-45/0/0/0/0/-45/45,EP,UNK,UNK,52,,57,26,16,1,4.09000015258789,,,,,,,,,552,55.2000007629395,1.66999995708466,,0.100000001490116,1,868.888916015625,-689.700012207031,32.966667175293,,2.62777781486511,-2.07399988174438,306,2.48572134971619
SNL/MSU/DOE,MD-QQ1-EP2-S[(±45)/(0)2]S,45/-45/0/0/0/0/-45/45,EP,UNK,UNK,52,,57,26,16,1,4.09000015258789,,,,,,,,,345,34.5,1.03999996185303,,0.100000001490116,1,868.888916015625,-689.700012207031,32.966667175293,,2.62777781486511,-2.07399988174438,8431,3.92587900161743
SNL/MSU/DOE,MD-QQ1-EP2-S[(±45)/(0)2]S,45/-45/0/0/0/0/-45/45,EP,UNK,UNK,52,,57,26,16,1,4.09000015258789,,,,,,,,,345,34.5,1.03999996185303,,0.100000001490116,1,868.888916015625,-689.700012207031,32.966667175293,,2.62777781486511,-2.07399988174438,3038,3.48258781433105
SNL/MSU/DOE,MD-QQ1-EP2-S[(±45)/(0)2]S,45/-45/0/0/0/0/-45/45,EP,UNK,UNK,52,,57,26,16,1,4.09000015258789,,,,,,,,,345,34.5,1.03999996185303,,0.100000001490116,1,868.888916015625,-689.700012207031,32.966667175293,,2.62777781486511,-2.07399988174438,6911,3.83954095840454
SNL/MSU/DOE,MD-QQ1-EP2-S[(±45)/(0)2]S,45/-45/0/0/0/0/-45/45,EP,UNK,UNK,52,,57,26,16,1,4.09000015258789,,,,,,,,,621,62.0999984741211,1.87000000476837,,0.100000001490116,1,868.888916015625,-689.700012207031,32.966667175293,,2.62777781486511,-2.07399988174438,202,2.30535125732422
SNL/MSU/DOE,MD-QQ1-EP2-S[(±45)/(0)2]S,45/-45/0/0/0/0/-45/45,EP,UNK,UNK,52,,57,26,16,1,4.09000015258789,,,,,,,,,621,62.0999984741211,1.87000000476837,,0.100000001490116,1,868.888916015625,-689.700012207031,32.966667175293,,2.62777781486511,-2.07399988174438,133,2.12385153770447
SNL/MSU/DOE,MD-QQ1-EP2-S[(±45)/(0)2]S,45/-45/0/0/0/0/-45/45,EP,UNK,UNK,52,,57,26,16,1,4.09000015258789,,,,,,,,,621,62.0999984741211,1.87000000476837,,0.100000001490116,1,868.888916015625,-689.700012207031,32.966667175293,,2.62777781486511,-2.07399988174438,165,2.21748399734497
SNL/MSU/DOE,MD-QQ1-EP2-S[(±45)/(0)2]S,45/-45/0/0/0/0/-45/45,EP,UNK,UNK,52,,57,26,16,1,4.09000015258789,,,,,,,,,758,75.8000030517578,2.28999996185303,,0.100000001490116,1,868.888916015625,-689.700012207031,32.966667175293,,2.62777781486511,-2.07399988174438,29,1.46239805221558
SNL/MSU/DOE,MD-QQ1-EP2-S[(±45)/(0)2]S,45/-45/0/0/0/0/-45/45,EP,UNK,UNK,52,,57,26,16,1,4.09000015258789,,,,,,,,,758,75.8000030517578,2.28999996185303,,0.100000001490116,1,868.888916015625,-689.700012207031,32.966667175293,,2.62777781486511,-2.07399988174438,36,1.55630254745483
SNL/MSU/DOE,MD-QQ1-EP2-S[(±45)/(0)2]S,45/-45/0/0/0/0/-45/45,EP,UNK,UNK,52,,57,26,16,1,4.09000015258789,,,,,,,,,758,75.8000030517578,2.28999996185303,,0.100000001490116,1,868.888916015625,-689.700012207031,32.966667175293,,2.62777781486511,-2.07399988174438,27,1.43136382102966
SNL/MSU/DOE,MD-QQ1-EP2-S[(±45)/(0)2]S,45/-45/0/0/0/0/-45/45,EP,UNK,UNK,52,,57,26,16,1,4.09000015258789,,,,,,,,,690,69,2.07999992370605,,0.100000001490116,1,868.888916015625,-689.700012207031,32.966667175293,,2.62777781486511,-2.07399988174438,90,1.95424246788025
SNL/MSU/DOE,MD-QQ1-EP2-S[(±45)/(0)2]S,45/-45/0/0/0/0/-45/45,EP,UNK,UNK,52,,57,26,16,1,4.09000015258789,,,,,,,,,690,69,2.07999992370605,,0.100000001490116,1,868.888916015625,-689.700012207031,32.966667175293,,2.62777781486511,-2.07399988174438,105,2.02118921279907
SNL/MSU/DOE,MD-QQ1-EP2-S[(±45)/(0)2]S,45/-45/0/0/0/0/-45/45,EP,UNK,UNK,52,,57,26,16,1,4.09000015258789,,,,,,,,,690,69,2.07999992370605,,0.100000001490116,1,868.888916015625,-689.700012207031,32.966667175293,,2.62777781486511,-2.07399988174438,110,2.04139280319214
SNL/MSU/DOE,MD-QQ1-EP2-S[(±45)/(0)2]S,45/-45/0/0/0/0/-45/45,EP,UNK,UNK,52,,57,26,16,1,4.09000015258789,,,,,,,,,-41.4000015258789,-414,,-1.24000000953674,10,3,868.888916015625,-689.700012207031,32.966667175293,,2.62777781486511,-2.07399988174438,21260,4.32756328582764
SNL/MSU/DOE,MD-QQ1-EP2-S[(±45)/(0)2]S,45/-45/0/0/0/0/-45/45,EP,UNK,UNK,52,,57,26,16,1,4.09000015258789,,,,,,,,,-41.4000015258789,-414,,-1.24000000953674,10,3,868.888916015625,-689.700012207031,32.966667175293,,2.62777781486511,-2.07399988174438,106621,5.02784252166748
SNL/MSU/DOE,MD-QQ1-EP2-S[(±45)/(0)2]S,45/-45/0/0/0/0/-45/45,EP,UNK,UNK,52,,57,26,16,1,4.09000015258789,,,,,,,,,-41.4000015258789,-414,,-1.24000000953674,10,2,868.888916015625,-689.700012207031,32.966667175293,,2.62777781486511,-2.07399988174438,75482,4.87784337997437
SNL/MSU/DOE,MD-QQ1-EP2-S[(±45)/(0)2]S,45/-45/0/0/0/0/-45/45,EP,UNK,UNK,52,,57,26,16,1,4.09000015258789,,,,,,,,,-34.5,-345,,-1.03999996185303,10,4,868.888916015625,-689.700012207031,32.966667175293,,2.62777781486511,-2.07399988174438,1336243,6.12588548660278
SNL/MSU/DOE,MD-QQ1-EP2-S[(±45)/(0)2]S,45/-45/0/0/0/0/-45/45,EP,UNK,UNK,52,,57,26,16,1,4.09000015258789,,,,,,,,,-34.5,-345,,-1.03999996185303,10,6,868.888916015625,-689.700012207031,32.966667175293,,2.62777781486511,-2.07399988174438,4477245,6.65101099014282
SNL/MSU/DOE,MD-QQ1-EP2-S[(±45)/(0)2]S,45/-45/0/0/0/0/-45/45,EP,UNK,UNK,52,,57,26,16,1,4.09000015258789,,,,,,,,,-48.2000007629395,-482,,-1.45000004768372,10,2,868.888916015625,-689.700012207031,32.966667175293,,2.62777781486511,-2.07399988174438,5277,3.72238707542419
SNL/MSU/DOE,MD-QQ1-EP2-S[(±45)/(0)2]S,45/-45/0/0/0/0/-45/45,EP,UNK,UNK,52,,57,26,16,1,4.09000015258789,,,,,,,,,-48.2000007629395,-482,,-1.45000004768372,10,1,868.888916015625,-689.700012207031,32.966667175293,,2.62777781486511,-2.07399988174438,13413,4.127525806427
SNL/MSU/DOE,MD-QQ1-EP2-S[(±45)/(0)2]S,45/-45/0/0/0/0/-45/45,EP,UNK,UNK,52,,57,26,16,1,4.09000015258789,,,,,,,,,-48.2000007629395,-482,,-1.45000004768372,10,1,868.888916015625,-689.700012207031,32.966667175293,,2.62777781486511,-2.07399988174438,4350,3.63848924636841
SNL/MSU/DOE,MD-QQ1-EP2-S[(±45)/(0)2]S,45/-45/0/0/0/0/-45/45,EP,UNK,UNK,52,,57,26,16,1,4.09000015258789,,,,,,,,,-55.2000007629395,-552,,-1.6599999666214,10,1,868.888916015625,-689.700012207031,32.966667175293,,2.62777781486511,-2.07399988174438,302,2.48000693321228
SNL/MSU/DOE,MD-QQ1-EP2-S[(±45)/(0)2]S,45/-45/0/0/0/0/-45/45,EP,UNK,UNK,52,,57,26,16,1,4.09000015258789,,,,,,,,,-55.2000007629395,-552,,-1.6599999666214,10,1,868.888916015625,-689.700012207031,32.966667175293,,2.62777781486511,-2.07399988174438,241,2.38201713562012
SNL/MSU/DOE,MD-QQ1-EP2-S[(±45)/(0)2]S,45/-45/0/0/0/0/-45/45,EP,UNK,UNK,52,,57,26,16,1,4.09000015258789,,,,,,,,,-55.2000007629395,-552,,-1.6599999666214,10,1,868.888916015625,-689.700012207031,32.966667175293,,2.62777781486511,-2.07399988174438,724,2.85973858833313
SNL/MSU/DOE,MD-QQ1-EP2-S[(±45)/(0)2]S,45/-45/0/0/0/0/-45/45,EP,UNK,UNK,52,,57,26,16,1,4.09000015258789,,,,,,,,,-62.0999984741211,-621,,-1.87000000476837,10,1,868.888916015625,-689.700012207031,32.966667175293,,2.62777781486511,-2.07399988174438,3,0.477121263742447
SNL/MSU/DOE,MD-QQ1-EP2-S[(±45)/(0)2]S,45/-45/0/0/0/0/-45/45,EP,UNK,UNK,52,,57,26,16,1,4.09000015258789,,,,,,,,,-62.0999984741211,-621,,-1.87000000476837,10,1,868.888916015625,-689.700012207031,32.966667175293,,2.62777781486511,-2.07399988174438,21,1.32221925258636
SNL/MSU/DOE,MD-QQ1-EP2-S[(±45)/(0)2]S,45/-45/0/0/0/0/-45/45,EP,UNK,UNK,52,,57,26,16,1,4.09000015258789,,,,,,,,,-62.0999984741211,-621,,-1.87000000476837,10,1,868.888916015625,-689.700012207031,32.966667175293,,2.62777781486511,-2.07399988174438,12,1.07918119430542
SNL/MSU/DOE,MD-QQ1-EP2-S[(±45)/(0)2]S,45/-45/0/0/0/0/-45/45,EP,UNK,UNK,52,,57,26,16,1,4.09000015258789,,,,,,,,,-58.5999984741211,-586,,-1.75999999046326,10,1,868.888916015625,-689.700012207031,32.966667175293,,2.62777781486511,-2.07399988174438,42,1.62324929237366
SNL/MSU/DOE,MD-QQ1-EP2-S[(±45)/(0)2]S,45/-45/0/0/0/0/-45/45,EP,UNK,UNK,52,,57,26,16,1,4.09000015258789,,,,,,,,,-58.5999984741211,-586,,-1.75999999046326,10,1,868.888916015625,-689.700012207031,32.966667175293,,2.62777781486511,-2.07399988174438,16,1.20412003993988
SNL/MSU/DOE,MD-QQ1-EP2-S[(±45)/(0)2]S,45/-45/0/0/0/0/-45/45,EP,UNK,UNK,52,,57,26,16,1,4.09000015258789,,,,,,,,,-58.5999984741211,-586,,-1.75999999046326,10,1,868.888916015625,-689.700012207031,32.966667175293,,2.62777781486511,-2.07399988174438,21,1.32221925258636
SNL/MSU/DOE,MD-QQ1-EP2-S[(±45)/(0)2]S,45/-45/0/0/0/0/-45/45,EP,UNK,UNK,52,,57,26,16,1,4.09000015258789,,,,,,,,,345,-345,1.03999996185303,-1.03999996185303,-1,2,868.888916015625,-689.700012207031,32.966667175293,,2.62777781486511,-2.07399988174438,684,2.83505606651306
SNL/MSU/DOE,MD-QQ1-EP2-S[(±45)/(0)2]S,45/-45/0/0/0/0/-45/45,EP,UNK,UNK,52,,57,26,16,1,4.09000015258789,,,,,,,,,345,-345,1.03999996185303,-1.03999996185303,-1,1,868.888916015625,-689.700012207031,32.966667175293,,2.62777781486511,-2.07399988174438,1026,3.01114726066589
SNL/MSU/DOE,MD-QQ1-EP2-S[(±45)/(0)2]S,45/-45/0/0/0/0/-45/45,EP,UNK,UNK,52,,57,26,16,1,4.09000015258789,,,,,,,,,241,-241,0.75,-0.75,-1,1,868.888916015625,-689.700012207031,32.966667175293,,2.62777781486511,-2.07399988174438,30112,4.47873973846436
SNL/MSU/DOE,MD-QQ1-EP2-S[(±45)/(0)2]S,45/-45/0/0/0/0/-45/45,EP,UNK,UNK,52,,57,26,16,1,4.09000015258789,,,,,,,,,241,-241,0.75,-0.75,-1,1,868.888916015625,-689.700012207031,32.966667175293,,2.62777781486511,-2.07399988174438,9262,3.96670484542847
SNL/MSU/DOE,MD-QQ1-EP2-S[(±45)/(0)2]S,45/-45/0/0/0/0/-45/45,EP,UNK,UNK,52,,57,26,16,1,4.09000015258789,,,,,,,,,241,-241,0.75,-0.75,-1,1,868.888916015625,-689.700012207031,32.966667175293,,2.62777781486511,-2.07399988174438,18804,4.27425003051758
SNL/MSU/DOE,MD-QQ1-EP2-S[(±45)/(0)2]S,45/-45/0/0/0/0/-45/45,EP,UNK,UNK,52,,57,26,16,1,4.09000015258789,,,,,,,,,138,-138,0.409999996423721,-0.409999996423721,-1,2,868.888916015625,-689.700012207031,32.966667175293,,2.62777781486511,-2.07399988174438,964770,5.98442363739014
SNL/MSU/DOE,MD-QQ1-EP2-S[(±45)/(0)2]S,45/-45/0/0/0/0/-45/45,EP,UNK,UNK,52,,57,26,16,1,4.09000015258789,,,,,,,,,138,-138,0.409999996423721,-0.409999996423721,-1,3,868.888916015625,-689.700012207031,32.966667175293,,2.62777781486511,-2.07399988174438,1676204,6.22432708740234
SNL/MSU/DOE,MD-QQ1-EP2-S[(±45)/(0)2]S,45/-45/0/0/0/0/-45/45,EP,UNK,UNK,52,,57,26,16,1,4.09000015258789,,,,,,,,,293,-293,0.879999995231628,-0.879999995231628,-1,1,868.888916015625,-689.700012207031,32.966667175293,,2.62777781486511,-2.07399988174438,8985,3.95351815223694
SNL/MSU/DOE,MD-QQ1-EP2-S[(±45)/(0)2]S,45/-45/0/0/0/0/-45/45,EP,UNK,UNK,52,,57,26,16,1,4.09000015258789,,,,,,,,,293,-293,0.879999995231628,-0.879999995231628,-1,1,868.888916015625,-689.700012207031,32.966667175293,,2.62777781486511,-2.07399988174438,2485,3.3953263759613
SNL/MSU/DOE,MD-QQ1-EP2-S[(±45)/(0)2]S,45/-45/0/0/0/0/-45/45,EP,UNK,UNK,52,,57,26,16,1,4.09000015258789,,,,,,,,,293,-293,0.879999995231628,-0.879999995231628,-1,1,868.888916015625,-689.700012207031,32.966667175293,,2.62777781486511,-2.07399988174438,5303,3.72452163696289
SNL/MSU/DOE,MD-QQ1-EP2-S[(±45)/(0)2]S,45/-45/0/0/0/0/-45/45,EP,UNK,UNK,52,,57,26,16,1,4.09000015258789,,,,,,,,,345,-345,1.03999996185303,-1.03999996185303,-1,1,868.888916015625,-689.700012207031,32.966667175293,,2.62777781486511,-2.07399988174438,1196,3.07773113250732
SNL/MSU/DOE,MD-QQ1-EP2-S[(±45)/(0)2]S,45/-45/0/0/0/0/-45/45,EP,UNK,UNK,52,,57,26,16,1,4.09000015258789,,,,,,,,,414,-414,1.25,-1.25,-1,1,868.888916015625,-689.700012207031,32.966667175293,,2.62777781486511,-2.07399988174438,240,2.380211353302
SNL/MSU/DOE,MD-QQ1-EP2-S[(±45)/(0)2]S,45/-45/0/0/0/0/-45/45,EP,UNK,UNK,52,,57,26,16,1,4.09000015258789,,,,,,,,,414,-414,1.25,-1.25,-1,1,868.888916015625,-689.700012207031,32.966667175293,,2.62777781486511,-2.07399988174438,687,2.83695673942566
SNL/MSU/DOE,MD-QQ1-EP2-S[(±45)/(0)2]S,45/-45/0/0/0/0/-45/45,EP,UNK,UNK,52,,57,26,16,1,4.09000015258789,,,,,,,,,414,-414,1.25,-1.25,-1,1,868.888916015625,-689.700012207031,32.966667175293,,2.62777781486511,-2.07399988174438,835,2.92168641090393
SNL/MSU/DOE,MD-QQ1-EP2-S[(±45)/(0)2]S,45/-45/0/0/0/0/-45/45,EP,UNK,UNK,52,,57,26,16,1,4.09000015258789,,,,,,,,,190,-190,0.569999992847443,-0.569999992847443,-1,2,868.888916015625,-689.700012207031,32.966667175293,,2.62777781486511,-2.07399988174438,181582,5.25907278060913
SNL/MSU/DOE,MD-QQ1-EP2-S[(±45)/(0)2]S,45/-45/0/0/0/0/-45/45,EP,UNK,UNK,52,,57,26,16,1,4.09000015258789,,,,,,,,,190,-190,0.569999992847443,-0.569999992847443,-1,2,868.888916015625,-689.700012207031,32.966667175293,,2.62777781486511,-2.07399988174438,63109,4.80009126663208
SNL/MSU/DOE,MD-QQ1-EP2-S[(±45)/(0)2]S,45/-45/0/0/0/0/-45/45,EP,UNK,UNK,52,,57,26,16,1,4.09000015258789,,,,,,,,,190,-190,0.569999992847443,-0.569999992847443,-1,2,868.888916015625,-689.700012207031,32.966667175293,,2.62777781486511,-2.07399988174438,122166,5.08695030212402
SNL/MSU/DOE,MD-QQ1-EP2-S[(±45)/(0)2]S,45/-45/0/0/0/0/-45/45,EP,UNK,UNK,52,,57,26,16,1,4.09000015258789,,,,,,,,,483,-483,1.46000003814697,-1.46000003814697,-1,1,868.888916015625,-689.700012207031,32.966667175293,,2.62777781486511,-2.07399988174438,129,2.11058974266052
SNL/MSU/DOE,MD-QQ1-EP2-S[(±45)/(0)2]S,45/-45/0/0/0/0/-45/45,EP,UNK,UNK,52,,57,26,16,1,4.09000015258789,,,,,,,,,483,-483,1.46000003814697,-1.46000003814697,-1,1,868.888916015625,-689.700012207031,32.966667175293,,2.62777781486511,-2.07399988174438,207,2.3159704208374
SNL/MSU/DOE,MD-QQ1-EP2-S[(±45)/(0)2]S,45/-45/0/0/0/0/-45/45,EP,UNK,UNK,52,,57,26,16,1,4.09000015258789,,,,,,,,,483,-483,1.46000003814697,-1.46000003814697,-1,1,868.888916015625,-689.700012207031,32.966667175293,,2.62777781486511,-2.07399988174438,71,1.85125839710236
SNL/MSU/DOE,MD-QQ1-EP2-S[(±45)/(0)2]S,45/-45/0/0/0/0/-45/45,EP,UNK,UNK,52,,57,26,16,1,4.09000015258789,,,,,,,,,103,-103,0.310000002384186,-0.310000002384186,-1,6,868.888916015625,-689.700012207031,32.966667175293,,2.62777781486511,-2.07399988174438,7430694,6.87102937698364
SNL/MSU/DOE,MD-QQ1-EP2-S[(±45)/(0)2]S,45/-45/0/0/0/0/-45/45,EP,UNK,UNK,52,,57,26,16,1,4.09000015258789,,,,,,,,,552,-552,1.66999995708466,-1.66999995708466,-1,1,868.888916015625,-689.700012207031,32.966667175293,,2.62777781486511,-2.07399988174438,79,1.89762711524963
SNL/MSU/DOE,MD-QQ1-EP2-S[(±45)/(0)2]S,45/-45/0/0/0/0/-45/45,EP,UNK,UNK,52,,57,26,16,1,4.09000015258789,,,,,,,,,552,-552,1.66999995708466,-1.66999995708466,-1,1,868.888916015625,-689.700012207031,32.966667175293,,2.62777781486511,-2.07399988174438,36,1.55630254745483
SNL/MSU/DOE,MD-QQ1-EP2-S[(±45)/(0)2]S,45/-45/0/0/0/0/-45/45,EP,UNK,UNK,52,,57,26,16,1,4.09000015258789,,,,,,,,,552,-552,1.66999995708466,-1.66999995708466,-1,1,868.888916015625,-689.700012207031,32.966667175293,,2.62777781486511,-2.07399988174438,28,1.44715797901154
SNL/MSU/DOE,MD-QQ1-EP2-S[(±45)/(0)2]S,45/-45/0/0/0/0/-45/45,EP,UNK,UNK,52,,57,26,16,1,4.09000015258789,,,,,,,,,103,-103,0.310000002384186,-0.310000002384186,-1,6,868.888916015625,-689.700012207031,32.966667175293,,2.62777781486511,-2.07399988174438,5219214,6.71760511398315
SNL/MSU/DOE,MD-QQ1-EP2-S[(±45)/(0)2]S,45/-45/0/0/0/0/-45/45,EP,UNK,UNK,52,,57,26,16,1,4.09000015258789,,,,,,,,,586,-586,1.76999998092651,-1.76999998092651,-1,1,868.888916015625,-689.700012207031,32.966667175293,,2.62777781486511,-2.07399988174438,9,0.954242527484894
SNL/MSU/DOE,MD-QQ1-EP2-S[(±45)/(0)2]S,45/-45/0/0/0/0/-45/45,EP,UNK,UNK,52,,57,26,16,1,4.09000015258789,,,,,,,,,586,-586,1.76999998092651,-1.76999998092651,-1,1,868.888916015625,-689.700012207031,32.966667175293,,2.62777781486511,-2.07399988174438,3,0.477121263742447
SNL/MSU/DOE,MD-QQ1-EP2-S[(±45)/(0)2]S,45/-45/0/0/0/0/-45/45,EP,UNK,UNK,52,,57,26,16,1,4.09000015258789,,,,,,,,,586,-586,1.76999998092651,-1.76999998092651,-1,1,868.888916015625,-689.700012207031,32.966667175293,,2.62777781486511,-2.07399988174438,5,0.698970019817352
SNL/MSU/DOE,MD-QQ1-EP2-S[(±45)/(0)2]S,45/-45/0/0/0/0/-45/45,EP,UNK,UNK,52,,57,26,16,1,4.09000015258789,,,,,,,,,241,-241,0.75,-0.75,-1,2,868.888916015625,-689.700012207031,32.966667175293,,2.62777781486511,-2.07399988174438,8732,3.94111371040344
SNL/MSU/DOE,MD-QQ1-EP2-S[(±45)/(0)2]S,45/-45/0/0/0/0/-45/45,EP,UNK,UNK,52,,57,26,16,1,4.09000015258789,,,,,,,,,241,-241,0.75,-0.75,-1,2,868.888916015625,-689.700012207031,32.966667175293,,2.62777781486511,-2.07399988174438,15116,4.17943668365479
SNL/MSU/DOE,MD-QQ1-EP2-S[(±45)/(0)2]S,45/-45/0/0/0/0/-45/45,EP,UNK,UNK,52,,57,26,16,1,4.09000015258789,,,,,,,,,241,-241,0.75,-0.75,-1,2,868.888916015625,-689.700012207031,32.966667175293,,2.62777781486511,-2.07399988174438,18476,4.26660776138306
SNL/MSU/DOE,MD-QQ1-EP2-S[(±45)/(0)2]S,45/-45/0/0/0/0/-45/45,EP,UNK,UNK,52,,57,26,16,1,4.09000015258789,,,,,,,,,241,-241,0.75,-0.75,-1,2,868.888916015625,-689.700012207031,32.966667175293,,2.62777781486511,-2.07399988174438,20236,4.30612468719482
SNL/MSU/DOE,MD-QQ1-EP2-S[(±45)/(0)2]S,45/-45/0/0/0/0/-45/45,EP,UNK,UNK,52,,57,26,16,1,4.09000015258789,,,,,,,,,207,-414,0.625,-1.25,-2,2,868.888916015625,-689.700012207031,32.966667175293,,2.62777781486511,-2.07399988174438,2934,3.46746015548706
SNL/MSU/DOE,MD-QQ1-EP2-S[(±45)/(0)2]S,45/-45/0/0/0/0/-45/45,EP,UNK,UNK,52,,57,26,16,1,4.09000015258789,,,,,,,,,172.5,-345,0.519999980926514,-1.03999996185303,-2,2,868.888916015625,-689.700012207031,32.966667175293,,2.62777781486511,-2.07399988174438,204734,5.31119012832642
SNL/MSU/DOE,MD-QQ1-EP2-S[(±45)/(0)2]S,45/-45/0/0/0/0/-45/45,EP,UNK,UNK,52,,57,26,16,1,4.09000015258789,,,,,,,,,172.5,-345,0.519999980926514,-1.03999996185303,-2,1,868.888916015625,-689.700012207031,32.966667175293,,2.62777781486511,-2.07399988174438,297709,5.47379207611084
SNL/MSU/DOE,MD-QQ1-EP2-S[(±45)/(0)2]S,45/-45/0/0/0/0/-45/45,EP,UNK,UNK,52,,57,26,16,1,4.09000015258789,,,,,,,,,172.5,-345,0.519999980926514,-1.03999996185303,-2,1,868.888916015625,-689.700012207031,32.966667175293,,2.62777781486511,-2.07399988174438,126870,5.10335874557495
SNL/MSU/DOE,MD-QQ1-EP2-S[(±45)/(0)2]S,45/-45/0/0/0/0/-45/45,EP,UNK,UNK,52,,57,26,16,1,4.09000015258789,,,,,,,,,207,-414,0.625,-1.25,-2,1,868.888916015625,-689.700012207031,32.966667175293,,2.62777781486511,-2.07399988174438,1432,3.15594291687012
SNL/MSU/DOE,MD-QQ1-EP2-S[(±45)/(0)2]S,45/-45/0/0/0/0/-45/45,EP,UNK,UNK,52,,57,26,16,1,4.09000015258789,,,,,,,,,207,-414,0.625,-1.25,-2,1,868.888916015625,-689.700012207031,32.966667175293,,2.62777781486511,-2.07399988174438,7863,3.89558815956116
SNL/MSU/DOE,MD-QQ1-EP2-S[(±45)/(0)2]S,45/-45/0/0/0/0/-45/45,EP,UNK,UNK,52,,57,26,16,1,4.09000015258789,,,,,,,,,241.5,-483,0.730000019073486,-1.46000003814697,-2,1,868.888916015625,-689.700012207031,32.966667175293,,2.62777781486511,-2.07399988174438,434,2.63748979568481
SNL/MSU/DOE,MD-QQ1-EP2-S[(±45)/(0)2]S,45/-45/0/0/0/0/-45/45,EP,UNK,UNK,52,,57,26,16,1,4.09000015258789,,,,,,,,,241.5,-483,0.730000019073486,-1.46000003814697,-2,1,868.888916015625,-689.700012207031,32.966667175293,,2.62777781486511,-2.07399988174438,217,2.33645963668823
SNL/MSU/DOE,MD-QQ1-EP2-S[(±45)/(0)2]S,45/-45/0/0/0/0/-45/45,EP,UNK,UNK,52,,57,26,16,1,4.09000015258789,,,,,,,,,241.5,-483,0.730000019073486,-1.46000003814697,-2,1,868.888916015625,-689.700012207031,32.966667175293,,2.62777781486511,-2.07399988174438,349,2.54282546043396
SNL/MSU/DOE,MD-QQ1-EP2-S[(±45)/(0)2]S,45/-45/0/0/0/0/-45/45,EP,UNK,UNK,52,,57,26,16,1,4.09000015258789,,,,,,,,,189.5,-379,0.569999992847443,-1.13999998569489,-2,2,868.888916015625,-689.700012207031,32.966667175293,,2.62777781486511,-2.07399988174438,133724,5.1262092590332
SNL/MSU/DOE,MD-QQ1-EP2-S[(±45)/(0)2]S,45/-45/0/0/0/0/-45/45,EP,UNK,UNK,52,,57,26,16,1,4.09000015258789,,,,,,,,,189.5,-379,0.569999992847443,-1.13999998569489,-2,1,868.888916015625,-689.700012207031,32.966667175293,,2.62777781486511,-2.07399988174438,4503,3.65350198745728
SNL/MSU/DOE,MD-QQ1-EP2-S[(±45)/(0)2]S,45/-45/0/0/0/0/-45/45,EP,UNK,UNK,52,,57,26,16,1,4.09000015258789,,,,,,,,,155,-310,0.469999998807907,-0.939999997615814,-2,2,868.888916015625,-689.700012207031,32.966667175293,,2.62777781486511,-2.07399988174438,970241,5.98687982559204
SNL/MSU/DOE,MD-QQ1-EP2-S[(±45)/(0)2]S,45/-45/0/0/0/0/-45/45,EP,UNK,UNK,52,,57,26,16,1,4.09000015258789,,,,,,,,,138,-276,0.41499999165535,-0.8299999833107,-2,2,868.888916015625,-689.700012207031,32.966667175293,,2.62777781486511,-2.07399988174438,2211570,6.34470081329346
SNL/MSU/DOE,MD-QQ1-EP2-S[(±45)/(0)2]S,45/-45/0/0/0/0/-45/45,EP,UNK,UNK,52,,57,26,16,1,4.09000015258789,,,,,,,,,138,-276,0.41499999165535,-0.8299999833107,-2,2,868.888916015625,-689.700012207031,32.966667175293,,2.62777781486511,-2.07399988174438,5874773,6.76899099349976
SNL/MSU/DOE,MD-QQ1-EP2-S[(±45)/(0)2]S,45/-45/0/0/0/0/-45/45,EP,UNK,UNK,52,,57,26,16,1,4.09000015258789,,,,,,,,,189.5,-379,0.569999992847443,-1.13999998569489,-2,1,868.888916015625,-689.700012207031,32.966667175293,,2.62777781486511,-2.07399988174438,21425,4.33092069625855
SNL/MSU/DOE,MD-QQ1-EP2-S[(±45)/(0)2]S,45/-45/0/0/0/0/-45/45,EP,UNK,UNK,52,,57,26,16,1,4.09000015258789,,,,,,,,,276,-552,0.834999978542328,-1.66999995708466,-2,1,868.888916015625,-689.700012207031,32.966667175293,,2.62777781486511,-2.07399988174438,95,1.97772359848022
SNL/MSU/DOE,MD-QQ1-EP2-S[(±45)/(0)2]S,45/-45/0/0/0/0/-45/45,EP,UNK,UNK,52,,57,26,16,1,4.09000015258789,,,,,,,,,276,-552,0.834999978542328,-1.66999995708466,-2,1,868.888916015625,-689.700012207031,32.966667175293,,2.62777781486511,-2.07399988174438,113,2.05307841300964
SNL/MSU/DOE,MD-QQ1-EP2-S[(±45)/(0)2]S,45/-45/0/0/0/0/-45/45,EP,UNK,UNK,52,,57,26,16,1,4.09000015258789,,,,,,,,,276,-552,0.834999978542328,-1.66999995708466,-2,1,868.888916015625,-689.700012207031,32.966667175293,,2.62777781486511,-2.07399988174438,103,2.01283717155457
SNL/MSU/DOE,MD-QQ1-EP2-S[(±45)/(0)2]S,45/-45/0/0/0/0/-45/45,EP,UNK,UNK,52,,57,26,16,1,4.09000015258789,,,,,,,,,189.5,-379,0.569999992847443,-1.13999998569489,-2,1,868.888916015625,-689.700012207031,32.966667175293,,2.62777781486511,-2.07399988174438,10093,4.00402021408081
SNL/MSU/DOE,MD-QQ1-EP2-S[(±45)/(0)2]S,45/-45/0/0/0/0/-45/45,EP,UNK,UNK,52,,57,26,16,1,4.09000015258789,,,,,,,,,310.5,-621,0.939999997615814,-1.87999999523163,-2,1,868.888916015625,-689.700012207031,32.966667175293,,2.62777781486511,-2.07399988174438,35,1.54406809806824
SNL/MSU/DOE,MD-QQ1-EP2-S[(±45)/(0)2]S,45/-45/0/0/0/0/-45/45,EP,UNK,UNK,52,,57,26,16,1,4.09000015258789,,,,,,,,,310.5,-621,0.939999997615814,-1.87999999523163,-2,1,868.888916015625,-689.700012207031,32.966667175293,,2.62777781486511,-2.07399988174438,7,0.84509801864624
SNL/MSU/DOE,MD-QQ1-EP2-S[(±45)/(0)2]S,45/-45/0/0/0/0/-45/45,EP,UNK,UNK,52,,57,26,16,1,4.09000015258789,,,,,,,,,310.5,-621,0.939999997615814,-1.87999999523163,-2,1,868.888916015625,-689.700012207031,32.966667175293,,2.62777781486511,-2.07399988174438,4,0.60206001996994
SNL/MSU/DOE,MD-QQ1-EP2-S[(±45)/(0)2]S,45/-45/0/0/0/0/-45/45,EP,UNK,UNK,52,,57,26,16,1,4.09000015258789,,,,,,,,,189.5,-379,0.569999992847443,-1.13999998569489,-2,1,868.888916015625,-689.700012207031,32.966667175293,,2.62777781486511,-2.07399988174438,24373,4.38690900802612
SNL/MSU/DOE,MD-QQ1-EP2-S[(±45)/(0)2]S,45/-45/0/0/0/0/-45/45,EP,UNK,UNK,52,,57,26,16,1,4.09000015258789,,,,,,,,,345,-172.5,1.03999996185303,-0.519999980926514,-0.5,2,868.888916015625,-689.700012207031,32.966667175293,,2.62777781486511,-2.07399988174438,4741,3.67586994171143
SNL/MSU/DOE,MD-QQ1-EP2-S[(±45)/(0)2]S,45/-45/0/0/0/0/-45/45,EP,UNK,UNK,52,,57,26,16,1,4.09000015258789,,,,,,,,,172,-86,0.519999980926514,-0.259999990463257,-0.5,2,868.888916015625,-689.700012207031,32.966667175293,,2.62777781486511,-2.07399988174438,1500000,6.17609119415283
SNL/MSU/DOE,MD-QQ1-EP2-S[(±45)/(0)2]S,45/-45/0/0/0/0/-45/45,EP,UNK,UNK,52,,57,26,16,1,4.09000015258789,,,,,,,,,241,-120.5,0.730000019073486,-0.365000009536743,-0.5,2,868.888916015625,-689.700012207031,32.966667175293,,2.62777781486511,-2.07399988174438,55321,4.74288988113403
SNL/MSU/DOE,MD-QQ1-EP2-S[(±45)/(0)2]S,45/-45/0/0/0/0/-45/45,EP,UNK,UNK,52,,57,26,16,1,4.09000015258789,,,,,,,,,241,-120.5,0.730000019073486,-0.365000009536743,-0.5,2,868.888916015625,-689.700012207031,32.966667175293,,2.62777781486511,-2.07399988174438,81753,4.91250371932983
SNL/MSU/DOE,MD-QQ1-EP2-S[(±45)/(0)2]S,45/-45/0/0/0/0/-45/45,EP,UNK,UNK,52,,57,26,16,1,4.09000015258789,,,,,,,,,241,-120.5,0.730000019073486,-0.365000009536743,-0.5,2,868.888916015625,-689.700012207031,32.966667175293,,2.62777781486511,-2.07399988174438,52538,4.7204737663269
SNL/MSU/DOE,MD-QQ1-EP2-S[(±45)/(0)2]S,45/-45/0/0/0/0/-45/45,EP,UNK,UNK,52,,57,26,16,1,4.09000015258789,,,,,,,,,207,-103.5,0.620000004768372,-0.310000002384186,-0.5,2,868.888916015625,-689.700012207031,32.966667175293,,2.62777781486511,-2.07399988174438,102990,5.01279497146606
SNL/MSU/DOE,MD-QQ1-EP2-S[(±45)/(0)2]S,45/-45/0/0/0/0/-45/45,EP,UNK,UNK,52,,57,26,16,1,4.09000015258789,,,,,,,,,207,-103.5,0.620000004768372,-0.310000002384186,-0.5,2,868.888916015625,-689.700012207031,32.966667175293,,2.62777781486511,-2.07399988174438,89247,4.9505934715271
SNL/MSU/DOE,MD-QQ1-EP2-S[(±45)/(0)2]S,45/-45/0/0/0/0/-45/45,EP,UNK,UNK,52,,57,26,16,1,4.09000015258789,,,,,,,,,207,-103.5,0.620000004768372,-0.310000002384186,-0.5,2,868.888916015625,-689.700012207031,32.966667175293,,2.62777781486511,-2.07399988174438,152321,5.1827597618103
SNL/MSU/DOE,MD-QQ1-EP2-S[(±45)/(0)2]S,45/-45/0/0/0/0/-45/45,EP,UNK,UNK,52,,57,26,16,1,4.09000015258789,,,,,,,,,345,-172.5,1.03999996185303,-0.519999980926514,-0.5,2,868.888916015625,-689.700012207031,32.966667175293,,2.62777781486511,-2.07399988174438,8471,3.92793464660645
SNL/MSU/DOE,MD-QQ1-EP2-S[(±45)/(0)2]S,45/-45/0/0/0/0/-45/45,EP,UNK,UNK,52,,57,26,16,1,4.09000015258789,,,,,,,,,345,-172.5,1.03999996185303,-0.519999980926514,-0.5,2,868.888916015625,-689.700012207031,32.966667175293,,2.62777781486511,-2.07399988174438,6545,3.81590962409973
SNL/MSU/DOE,MD-QQ1-EP2-S[(±45)/(0)2]S,45/-45/0/0/0/0/-45/45,EP,UNK,UNK,52,,57,26,16,1,4.09000015258789,,,,,,,,,414,-207,1.25,-0.625,-0.5,1,868.888916015625,-689.700012207031,32.966667175293,,2.62777781486511,-2.07399988174438,1531,3.18497514724731
SNL/MSU/DOE,MD-QQ1-EP2-S[(±45)/(0)2]S,45/-45/0/0/0/0/-45/45,EP,UNK,UNK,52,,57,26,16,1,4.09000015258789,,,,,,,,,414,-207,1.25,-0.625,-0.5,1,868.888916015625,-689.700012207031,32.966667175293,,2.62777781486511,-2.07399988174438,925,2.96614170074463
SNL/MSU/DOE,MD-QQ1-EP2-S[(±45)/(0)2]S,45/-45/0/0/0/0/-45/45,EP,UNK,UNK,52,,57,26,16,1,4.09000015258789,,,,,,,,,414,-207,1.25,-0.625,-0.5,1,868.888916015625,-689.700012207031,32.966667175293,,2.62777781486511,-2.07399988174438,1856,3.26857805252075
SNL/MSU/DOE,MD-QQ1-EP2-S[(±45)/(0)2]S,45/-45/0/0/0/0/-45/45,EP,UNK,UNK,52,,57,26,16,1,4.09000015258789,,,,,,,,,483,-241.5,1.46000003814697,-0.730000019073486,-0.5,1,868.888916015625,-689.700012207031,32.966667175293,,2.62777781486511,-2.07399988174438,637,2.80413937568665
SNL/MSU/DOE,MD-QQ1-EP2-S[(±45)/(0)2]S,45/-45/0/0/0/0/-45/45,EP,UNK,UNK,52,,57,26,16,1,4.09000015258789,,,,,,,,,483,-241.5,1.46000003814697,-0.730000019073486,-0.5,1,868.888916015625,-689.700012207031,32.966667175293,,2.62777781486511,-2.07399988174438,702,2.84633708000183
SNL/MSU/DOE,MD-QQ1-EP2-S[(±45)/(0)2]S,45/-45/0/0/0/0/-45/45,EP,UNK,UNK,52,,57,26,16,1,4.09000015258789,,,,,,,,,483,-241.5,1.46000003814697,-0.730000019073486,-0.5,1,868.888916015625,-689.700012207031,32.966667175293,,2.62777781486511,-2.07399988174438,394,2.59549617767334
SNL/MSU/DOE,MD-QQ1-EP2-S[(±45)/(0)2]S,45/-45/0/0/0/0/-45/45,EP,UNK,UNK,52,,57,26,16,1,4.09000015258789,,,,,,,,,552,-276,1.66999995708466,-0.834999978542328,-0.5,1,868.888916015625,-689.700012207031,32.966667175293,,2.62777781486511,-2.07399988174438,304,2.4828736782074
SNL/MSU/DOE,MD-QQ1-EP2-S[(±45)/(0)2]S,45/-45/0/0/0/0/-45/45,EP,UNK,UNK,52,,57,26,16,1,4.09000015258789,,,,,,,,,552,-276,1.66999995708466,-0.834999978542328,-0.5,1,868.888916015625,-689.700012207031,32.966667175293,,2.62777781486511,-2.07399988174438,222,2.34635305404663
SNL/MSU/DOE,MD-QQ1-EP2-S[(±45)/(0)2]S,45/-45/0/0/0/0/-45/45,EP,UNK,UNK,52,,57,26,16,1,4.09000015258789,,,,,,,,,552,-276,1.66999995708466,-0.834999978542328,-0.5,1,868.888916015625,-689.700012207031,32.966667175293,,2.62777781486511,-2.07399988174438,235,2.37106776237488
SNL/MSU/DOE,MD-QQ1-EP2-S[(±45)/(0)2]S,45/-45/0/0/0/0/-45/45,EP,UNK,UNK,52,,57,26,16,1,4.09000015258789,,,,,,,,,621,-310.5,1.87000000476837,-0.935000002384186,-0.5,1,868.888916015625,-689.700012207031,32.966667175293,,2.62777781486511,-2.07399988174438,131,2.11727118492126
SNL/MSU/DOE,MD-QQ1-EP2-S[(±45)/(0)2]S,45/-45/0/0/0/0/-45/45,EP,UNK,UNK,52,,57,26,16,1,4.09000015258789,,,,,,,,,621,-310.5,1.87000000476837,-0.935000002384186,-0.5,1,868.888916015625,-689.700012207031,32.966667175293,,2.62777781486511,-2.07399988174438,123,2.08990502357483
SNL/MSU/DOE,MD-QQ1-EP2-S[(±45)/(0)2]S,45/-45/0/0/0/0/-45/45,EP,UNK,UNK,52,,57,26,16,1,4.09000015258789,,,,,,,,,621,-310.5,1.87000000476837,-0.935000002384186,-0.5,1,868.888916015625,-689.700012207031,32.966667175293,,2.62777781486511,-2.07399988174438,151,2.17897701263428
SNL/MSU/DOE,MD-QQ1-EP2-S[(±45)/(0)2]S,45/-45/0/0/0/0/-45/45,EP,UNK,UNK,52,,57,26,16,1,4.09000015258789,,,,,,,,,172,-86,0.519999980926514,-0.259999990463257,-0.5,4,868.888916015625,-689.700012207031,32.966667175293,,2.62777781486511,-2.07399988174438,706194,5.84892416000366
SNL/MSU/DOE,MD-QQ1-EP2-S[(±45)/(0)2]S,45/-45/0/0/0/0/-45/45,EP,UNK,UNK,52,,57,26,16,1,4.09000015258789,,,,,,,,,172,-86,0.519999980926514,-0.259999990463257,-0.5,6,868.888916015625,-689.700012207031,32.966667175293,,2.62777781486511,-2.07399988174438,2317160,6.36495590209961
SNL/MSU/DOE,MD-QQ1-EP2-S[(±45)/(0)2]S,45/-45/0/0/0/0/-45/45,EP,UNK,UNK,52,,57,26,16,1,4.09000015258789,,,,,,,,,690,-345,2.07999992370605,-1.03999996185303,-0.5,1,868.888916015625,-689.700012207031,32.966667175293,,2.62777781486511,-2.07399988174438,54,1.73239374160767
SNL/MSU/DOE,MD-QQ1-EP2-S[(±45)/(0)2]S,45/-45/0/0/0/0/-45/45,EP,UNK,UNK,52,,57,26,16,1,4.09000015258789,,,,,,,,,690,-345,2.07999992370605,-1.03999996185303,-0.5,1,868.888916015625,-689.700012207031,32.966667175293,,2.62777781486511,-2.07399988174438,48,1.68124127388
SNL/MSU/DOE,MD-QQ1-EP2-S[(±45)/(0)2]S,45/-45/0/0/0/0/-45/45,EP,UNK,UNK,52,,57,26,16,1,4.09000015258789,,,,,,,,,690,-345,2.07999992370605,-1.03999996185303,-0.5,1,868.888916015625,-689.700012207031,32.966667175293,,2.62777781486511,-2.07399988174438,23,1.36172783374786
SNL/MSU/DOE,MD-QQ1-EP2-S[(±45)/(0)2]S,45/-45/0/0/0/0/-45/45,EP,UNK,UNK,52,,57,26,16,1,4.09000015258789,,,,,,,,,138,-69,0.419999986886978,-0.209999993443489,-0.5,7,868.888916015625,-689.700012207031,32.966667175293,,2.62777781486511,-2.07399988174438,5232471,6.7187066078186
SNL/MSU/DOE,MD-QQ1-EP2-S[(±45)/(0)2]S,45/-45/0/0/0/0/-45/45,EP,UNK,UNK,52,,57,26,16,1,4.09000015258789,,,,,,,,,345,172.5,1.03999996185303,0.519999980926514,0.5,4,868.888916015625,-689.700012207031,32.966667175293,,2.62777781486511,-2.07399988174438,15634,4.19407033920288
SNL/MSU/DOE,MD-QQ1-EP2-S[(±45)/(0)2]S,45/-45/0/0/0/0/-45/45,EP,UNK,UNK,52,,57,26,16,1,4.09000015258789,,,,,,,,,345,172.5,1.03999996185303,0.519999980926514,0.5,3,868.888916015625,-689.700012207031,32.966667175293,,2.62777781486511,-2.07399988174438,29491,4.46968936920166
SNL/MSU/DOE,MD-QQ1-EP2-S[(±45)/(0)2]S,45/-45/0/0/0/0/-45/45,EP,UNK,UNK,52,,57,26,16,1,4.09000015258789,,,,,,,,,483,241.5,1.46000003814697,0.730000019073486,0.5,2,868.888916015625,-689.700012207031,32.966667175293,,2.62777781486511,-2.07399988174438,2290,3.35983538627625
SNL/MSU/DOE,MD-QQ1-EP2-S[(±45)/(0)2]S,45/-45/0/0/0/0/-45/45,EP,UNK,UNK,52,,57,26,16,1,4.09000015258789,,,,,,,,,483,241.5,1.46000003814697,0.730000019073486,0.5,3,868.888916015625,-689.700012207031,32.966667175293,,2.62777781486511,-2.07399988174438,3532,3.54802060127258
SNL/MSU/DOE,MD-QQ1-EP2-S[(±45)/(0)2]S,45/-45/0/0/0/0/-45/45,EP,UNK,UNK,52,,57,26,16,1,4.09000015258789,,,,,,,,,483,241.5,1.46000003814697,0.730000019073486,0.5,2,868.888916015625,-689.700012207031,32.966667175293,,2.62777781486511,-2.07399988174438,2042,3.31005573272705
SNL/MSU/DOE,MD-QQ1-EP2-S[(±45)/(0)2]S,45/-45/0/0/0/0/-45/45,EP,UNK,UNK,52,,57,26,16,1,4.09000015258789,,,,,,,,,552,276,1.66999995708466,0.834999978542328,0.5,1,868.888916015625,-689.700012207031,32.966667175293,,2.62777781486511,-2.07399988174438,1156,3.06295776367188
SNL/MSU/DOE,MD-QQ1-EP2-S[(±45)/(0)2]S,45/-45/0/0/0/0/-45/45,EP,UNK,UNK,52,,57,26,16,1,4.09000015258789,,,,,,,,,552,276,1.66999995708466,0.834999978542328,0.5,1,868.888916015625,-689.700012207031,32.966667175293,,2.62777781486511,-2.07399988174438,1358,3.13289976119995
SNL/MSU/DOE,MD-QQ1-EP2-S[(±45)/(0)2]S,45/-45/0/0/0/0/-45/45,EP,UNK,UNK,52,,57,26,16,1,4.09000015258789,,,,,,,,,552,276,1.66999995708466,0.834999978542328,0.5,1,868.888916015625,-689.700012207031,32.966667175293,,2.62777781486511,-2.07399988174438,1636,3.21378326416016
SNL/MSU/DOE,MD-QQ1-EP2-S[(±45)/(0)2]S,45/-45/0/0/0/0/-45/45,EP,UNK,UNK,52,,57,26,16,1,4.09000015258789,,,,,,,,,621,310.5,1.87000000476837,0.935000002384186,0.5,1,868.888916015625,-689.700012207031,32.966667175293,,2.62777781486511,-2.07399988174438,585,2.76715588569641
SNL/MSU/DOE,MD-QQ1-EP2-S[(±45)/(0)2]S,45/-45/0/0/0/0/-45/45,EP,UNK,UNK,52,,57,26,16,1,4.09000015258789,,,,,,,,,621,310.5,1.87000000476837,0.935000002384186,0.5,1,868.888916015625,-689.700012207031,32.966667175293,,2.62777781486511,-2.07399988174438,647,2.81090426445007
SNL/MSU/DOE,MD-QQ1-EP2-S[(±45)/(0)2]S,45/-45/0/0/0/0/-45/45,EP,UNK,UNK,52,,57,26,16,1,4.09000015258789,,,,,,,,,621,310.5,1.87000000476837,0.935000002384186,0.5,1,868.888916015625,-689.700012207031,32.966667175293,,2.62777781486511,-2.07399988174438,788,2.89652633666992
SNL/MSU/DOE,MD-QQ1-EP2-S[(±45)/(0)2]S,45/-45/0/0/0/0/-45/45,EP,UNK,UNK,52,,57,26,16,1,4.09000015258789,,,,,,,,,690,345,2.07999992370605,1.03999996185303,0.5,1,868.888916015625,-689.700012207031,32.966667175293,,2.62777781486511,-2.07399988174438,101,2.00432133674622
SNL/MSU/DOE,MD-QQ1-EP2-S[(±45)/(0)2]S,45/-45/0/0/0/0/-45/45,EP,UNK,UNK,52,,57,26,16,1,4.09000015258789,,,,,,,,,690,345,2.07999992370605,1.03999996185303,0.5,1,868.888916015625,-689.700012207031,32.966667175293,,2.62777781486511,-2.07399988174438,271,2.43296933174133
SNL/MSU/DOE,MD-QQ1-EP2-S[(±45)/(0)2]S,45/-45/0/0/0/0/-45/45,EP,UNK,UNK,52,,57,26,16,1,4.09000015258789,,,,,,,,,690,345,2.07999992370605,1.03999996185303,0.5,1,868.888916015625,-689.700012207031,32.966667175293,,2.62777781486511,-2.07399988174438,218,2.33845639228821
SNL/MSU/DOE,MD-QQ1-EP2-S[(±45)/(0)2]S,45/-45/0/0/0/0/-45/45,EP,UNK,UNK,52,,57,26,16,1,4.09000015258789,,,,,,,,,414,207,1.25,0.625,0.5,4,868.888916015625,-689.700012207031,32.966667175293,,2.62777781486511,-2.07399988174438,9653,3.98466229438782
SNL/MSU/DOE,MD-QQ1-EP2-S[(±45)/(0)2]S,45/-45/0/0/0/0/-45/45,EP,UNK,UNK,52,,57,26,16,1,4.09000015258789,,,,,,,,,414,207,1.25,0.625,0.5,4,868.888916015625,-689.700012207031,32.966667175293,,2.62777781486511,-2.07399988174438,5608,3.74880790710449
SNL/MSU/DOE,MD-QQ1-EP2-S[(±45)/(0)2]S,45/-45/0/0/0/0/-45/45,EP,UNK,UNK,52,,57,26,16,1,4.09000015258789,,,,,,,,,414,207,1.25,0.625,0.5,3,868.888916015625,-689.700012207031,32.966667175293,,2.62777781486511,-2.07399988174438,6127,3.78724789619446
SNL/MSU/DOE,MD-QQ1-EP2-S[(±45)/(0)2]S,45/-45/0/0/0/0/-45/45,EP,UNK,UNK,52,,57,26,16,1,4.09000015258789,,,,,,,,,345,172.5,1.03999996185303,0.519999980926514,0.5,3,868.888916015625,-689.700012207031,32.966667175293,,2.62777781486511,-2.07399988174438,13889,4.14267110824585
SNL/MSU/DOE,MD-QQ1-EP2-S[(±45)/(0)2]S,45/-45/0/0/0/0/-45/45,EP,UNK,UNK,52,,57,26,16,1,4.09000015258789,,,,,,,,,241,120.5,0.730000019073486,0.365000009536743,0.5,5,868.888916015625,-689.700012207031,32.966667175293,,2.62777781486511,-2.07399988174438,661028,5.82021999359131
SNL/MSU/DOE,MD-QQ1-EP2-S[(±45)/(0)2]S,45/-45/0/0/0/0/-45/45,EP,UNK,UNK,52,,57,26,16,1,4.09000015258789,,,,,,,,,241,120.5,0.730000019073486,0.365000009536743,0.5,6,868.888916015625,-689.700012207031,32.966667175293,,2.62777781486511,-2.07399988174438,431732,5.63521432876587
SNL/MSU/DOE,MD-QQ1-EP2-S[(±45)/(0)2]S,45/-45/0/0/0/0/-45/45,EP,UNK,UNK,52,,57,26,16,1,4.09000015258789,,,,,,,,,241,120.5,0.730000019073486,0.365000009536743,0.5,5,868.888916015625,-689.700012207031,32.966667175293,,2.62777781486511,-2.07399988174438,786904,5.89592170715332
SNL/MSU/DOE,MD-QQ1-EP2-S[(±45)/(0)2]S,45/-45/0/0/0/0/-45/45,EP,UNK,UNK,52,,57,26,16,1,4.09000015258789,,,,,,,,,293,146.5,0.889999985694885,0.444999992847443,0.5,4,868.888916015625,-689.700012207031,32.966667175293,,2.62777781486511,-2.07399988174438,48687,4.68741321563721
SNL/MSU/DOE,MD-QQ1-EP2-S[(±45)/(0)2]S,45/-45/0/0/0/0/-45/45,EP,UNK,UNK,52,,57,26,16,1,4.09000015258789,,,,,,,,,293,146.5,0.889999985694885,0.444999992847443,0.5,4,868.888916015625,-689.700012207031,32.966667175293,,2.62777781486511,-2.07399988174438,63294,4.80136251449585
SNL/MSU/DOE,MD-QQ1-EP2-S[(±45)/(0)2]S,45/-45/0/0/0/0/-45/45,EP,UNK,UNK,52,,57,26,16,1,4.09000015258789,,,,,,,,,758,379,2.27999997138977,1.13999998569489,0.5,1,868.888916015625,-689.700012207031,32.966667175293,,2.62777781486511,-2.07399988174438,18,1.25527250766754
SNL/MSU/DOE,MD-QQ1-EP2-S[(±45)/(0)2]S,45/-45/0/0/0/0/-45/45,EP,UNK,UNK,52,,57,26,16,1,4.09000015258789,,,,,,,,,758,379,2.27999997138977,1.13999998569489,0.5,1,868.888916015625,-689.700012207031,32.966667175293,,2.62777781486511,-2.07399988174438,8,0.903090000152588
SNL/MSU/DOE,MD-QQ1-EP2-S[(±45)/(0)2]S,45/-45/0/0/0/0/-45/45,EP,UNK,UNK,52,,57,26,16,1,4.09000015258789,,,,,,,,,758,379,2.27999997138977,1.13999998569489,0.5,1,868.888916015625,-689.700012207031,32.966667175293,,2.62777781486511,-2.07399988174438,4,0.60206001996994
SNL/MSU/DOE,MD-QQ1-EP2-S[(±45)/(0)2]S,45/-45/0/0/0/0/-45/45,EP,UNK,UNK,52,,57,26,16,1,4.09000015258789,,,,,,,,,207,103.5,0.629999995231628,0.314999997615814,0.5,8,868.888916015625,-689.700012207031,32.966667175293,,2.62777781486511,-2.07399988174438,5767494,6.76098728179932
SNL/MSU/DOE,MD-QQ1-EP2-S[(±45)/(0)2]S,45/-45/0/0/0/0/-45/45,EP,UNK,UNK,52,,57,26,16,1,4.09000015258789,,,,,,,,,207,103.5,0.629999995231628,0.314999997615814,0.5,8,868.888916015625,-689.700012207031,32.966667175293,,2.62777781486511,-2.07399988174438,1609983,6.20682144165039
SNL/MSU/DOE,MD-QQ1-EP2-S[(±45)/(0)2]S,45/-45/0/0/0/0/-45/45,EP,UNK,UNK,52,,57,26,16,1,4.09000015258789,,,,,,,,,293,146.5,0.889999985694885,0.444999992847443,0.5,4,868.888916015625,-689.700012207031,32.966667175293,,2.62777781486511,-2.07399988174438,94057,4.97339105606079
SNL/MSU/DOE,MD-QQ1-EP2-S[(±45)/(0)2]S,45/-45/0/0/0/0/-45/45,EP,UNK,UNK,52,,57,26,16,1,4.09000015258789,,,,,,,,,241,24.1000003814697,,,0.100000001490116,2,868.888916015625,-689.700012207031,32.966667175293,,2.62777781486511,-2.07399988174438,41695,4.62008380889893
SNL/MSU/DOE,MD-QQ1-EP2-S[(±45)/(0)2]S,45/-45/0/0/0/0/-45/45,EP,UNK,UNK,52,,57,26,16,1,4.09000015258789,,,,,,,,,241,24.1000003814697,,,0.100000001490116,2,868.888916015625,-689.700012207031,32.966667175293,,2.62777781486511,-2.07399988174438,55742,4.74618244171143
SNL/MSU/DOE,MD-QQ1-EP2-S[(±45)/(0)2]S,45/-45/0/0/0/0/-45/45,EP,UNK,UNK,52,,57,26,16,1,4.09000015258789,,,,,,,,,241,24.1000003814697,,,0.100000001490116,2,868.888916015625,-689.700012207031,32.966667175293,,2.62777781486511,-2.07399988174438,117172,5.06882381439209
