Data source,Material_Code,Sequence,Resin Type,Waveform,Control,Fiber Volume Fraction,Fiber Weight Fraction,Fiber Weight Fraction (0-deg),Fiber Weight Fraction (45-deg),Fiber Weight Fraction (90-deg),Fiber Weight Fraction (Other Dir.),Thickness,Tab Thickness,Width,Length,Load Length,Area,Maximum Stress,Minimum Stress,Maximum Strain,Minimum Strain,R-value,Frequency,Ultimate Tensile Stress,Ultimate Compressive Stress,Tensile Modulus,Compressive Modulus,Ultimate Tensile Strain,Ultimate Compressive Strain,Cycles to Failure,log10(Cycles to Failure)
OptiMat,1016S3200MD2,45/-45/0/45/-45/0/45/-45/0/45/-45/0/45/-45,EP,UNK,UNK,,,,,,,7.944,2.0,25.314,610.0,500.0,201.09,165.491,16.5491,,,0.1,6.1,366.2256666666667,,28.86,,1.3658,,31752.0,4.501771085899107
OptiMat,1017S0300MD2,45/-45/0/45/-45/0/45/-45/0/45/-45/0/45/-45,EP,UNK,Load,,,,,,,6.78,2.0,24.56,610.0,500.0,166.52,460.425174153255,46.04251741532551,1.8556,,0.1,2.11,480.475,,26.73,,1.742,,100.0,2.0
OptiMat,104R0390UD3,0/0/0/0/0/0/0,EP,UNK,Load,53.73,72.75,,,,,6.22666666666667,2.0,25.52,145.0,35.0,158.904533333333,17.6898666201258,-17.6898666201258,,,-1.0,5.89,55.6812308270626,-167.4759496822981,13.83361538461539,15.008,0.4217538461538461,-1.95249,1507006.0,6.178114981419943
OptiMat,108R0390UD3,0/0/0/0/0/0/0,EP,UNK,Load,56.66,74.69,,,,,6.32,2.0,25.1066666666667,145.0,35.0,158.674133333333,14.9992941508635,-14.9992941508635,0.0944326,,-1.0,5.0,50.2917509764246,,15.23,15.54,0.4496039832166667,,448772.0,5.652025752381707
OptiMat,109R0390UD3,0/0/0/0/0/0/0,EP,UNK,Load,54.75,73.21,,,,,6.3,2.0,25.12,145.0,35.0,158.256,19.9992417349105,1.99992417349105,0.136,,0.1,8.2,,-160.8355889869937,14.4,15.01944444444444,,-2.02603125,1347843.0,6.129639307477761
OptiMat,112R0390UD3,0/0/0/0/0/0/0,EP,UNK,Load,55.05,73.68,,,,,6.26666666666667,2.0,24.9666666666667,145.0,35.0,156.457777777778,46.9263983183251,-46.9263983183251,0.33229014286,,-1.0,0.84,53.95476862543485,,14.64,14.88,,,545.0,2.736396502276643
OptiMat,113R0300UD2,0/0/0/0,EP,UNK,Load,52.38,,,,,,3.6175,2.0,25.605,145.0,35.0,92.608,229.893745680719,22.9893745680719,,,0.1,9.93,1038.321244237809,,40.355,40.545,2.79444325,,2909837.0,6.463868661843904
OptiMat,119D0200MD2,45/-45/0/45/-45/0/45/-45/0/45/-45/0/45/-45,EP,UNK,Displacement,54.42,72.95,,,,,6.41,2.0,25.13,280.0,80.0,161.0833,445.5,44.55,1.5,,0.1,14.9162946428571,,,0.670407781518893,29.7,,,3400.0,3.531478917042255
OptiMat,120R0400MD2,45/-45/0/45/-45/0/45/-45/0/45/-45/0/45/-45,EP,UNK,Load,54.59,,,,,,6.3575,2.0,25.49,150.0,40.0,161.9891,278.05773647365,27.805773647365,,,0.1,3.34,683.9894223942358,,31.45,,3.078333333333333,,14413.0,4.158754386632288
OptiMat,122R0310UD3,0/0/0/0/0/0/0,EP,UNK,Load,56.59,74.36,,,,,6.16666666666667,2.0,25.11,145.0,35.0,154.845,282.917110659046,28.2917110659046,0.9194106667,,0.1,1.5,393.935375595338,-379.0023725327674,36.71,36.262,1.565,-1.46634,1033.0,3.014100321519621
OptiMat,122R0360UD3,0/0/0/0/0/0/0,EP,UNK,Load,56.59,74.36,,,,,6.08666666666667,2.0,25.2166666666667,145.0,35.0,153.485444444444,33.6839758239833,3.36839758239833,0.228956,,0.1,5.2,72.27485799192083,-154.4203116811926,14.09,13.658,0.7997,-2.4816,1028482.0,6.012196695282973
OptiMat,126S0300MD2,45/-45/0/45/-45/0/45/-45/0/45/-45/0/45/-45,EP,UNK,Load,52.83,71.8,,,,,6.36,2.0,25.21,610.0,500.0,160.3356,163.344884105589,16.3344884105589,,,0.1,6.1,619.9563417365913,,29.135,,2.435,,1334485.0,6.125313696554519
OptiMat,127S0300MD2,45/-45/0/45/-45/0/45/-45/0/45/-45/0/45/-45,EP,UNK,Load,55.84,,,,,,6.48,2.0,25.32,610.0,500.0,164.0736,272.926296491331,27.2926296491331,,,0.1,3.34,616.795482700266,,29.875,,,,10502.0,4.021272013951038
OptiMat,128S0300MD2,45/-45/0/45/-45/0/45/-45/0/45/-45/0/45/-45,EP,UNK,Load,55.43,73.9,,,,,6.435,2.0,25.85,610.0,500.0,166.34475,203.432930705658,20.3432930705658,,,0.1,6.1,620.0507982464397,,28.98333333333334,,2.584,,119300.0,5.076640443670342
OptiMat,131S3200MD2,45/-45/0/45/-45/0/45/-45/0/45/-45/0/45/-45,EP,UNK,Load,51.77,,,,,,6.4,2.0,24.55,610.0,500.0,157.12,162.29633401222,16.229633401222,,,0.1,6.1,449.0352679429411,,31.0194,,1.60918,,37861.0,4.578192080540258
OptiMat,133S3100MD2,45/-45/0/45/-45/0/45/-45/0/45/-45/0/45/-45,EP,UNK,Load,53.99,72.62,,,,,7.45,2.0,25.49,610.0,500.0,189.9,236.176935229068,23.6176935229068,,,0.1,3.34,480.4147751635264,,31.32,,,,5197.0,3.715752716822859
OptiMat,14R0400MD2,45/-45/0/45/-45/0/45/-45/0/45/-45/0/45/-45,EP,UNK,Load,53.0394622125894,72.4979929789942,,,,,6.75333333333333,2.0,25.1333333333333,150.0,40.0,169.733777777778,117.831584625335,-117.831584625335,,,-1.0,3.12,518.1776933124123,-446.7822879770012,26.37477777777778,27.0,2.330222222222222,-1.821117647058824,2719725.0,6.434524993364955
OptiMat,153I1000MD3,45/-45/45/-45/45/-45/45/-45/45/-45,EP,UNK,Load,52.53,71.92,,,,,3.75,,25.03,250.0,150.0,93.8625,48.4005859635105,4.84005859635105,0.3257045,,0.1,3.439,112.4944818323921,,15.46,,,,1102177.0,6.042251344017247
OptiMat,154I1000MD3,45/-45/45/-45/45/-45/45/-45/45/-45,EP,UNK,Load,52.78,72.18,,,,,3.80666666666667,,25.23,250.0,150.0,96.0422,50.9984152799499,5.09984152799499,0.3494113333,,0.1,3.097,,,14.93,,,,409880.0,5.612656727534487
OptiMat,156R0460MD2,45/-45/0/45/-45/0/45/-45/0/45/-45/0/45/-45,EP,UNK,Load,51.25,71.28,,,,,6.50666666666667,2.0,25.2033333333333,150.0,40.0,163.989688888889,58.3817193926556,-58.3817193926556,0.334614,,-1.0,2.5,196.1755017637108,-250.7751666704018,17.36,18.44,2.0856,-1.89046,246717.0,5.39219907552064
OptiMat,174R0400MD2,45/-45/0/45/-45/0/45/-45/0/45/-45/0/45/-45,EP,UNK,Load,54.96,,,,,,6.41,2.0,24.915,150.0,40.0,159.6731,189.286319195092,-189.286319195092,,,-1.0,1.44,537.780016798956,,27.8794,,,,22500.0,4.352182518111363
OptiMat,175R0400MD2,45/-45/0/45/-45/0/45/-45/0/45/-45/0/45/-45,EP,UNK,Load,54.71,,,,,,6.505,2.0,24.67,150.0,40.0,160.34825,186.442594904546,-186.442594904546,,,-1.0,1.44,645.223777882781,,26.95,,2.95,,40297.0,4.605272715323677
OptiMat,177R0400MD2,45/-45/0/45/-45/0/45/-45/0/45/-45/0/45/-45,EP,UNK,Load,0.0,,,,,,6.69666666666667,2.0,24.87,150.0,40.0,166.479133333333,-390.439322325481,-780.878644650962,,,2.0,1.5,603.3004971799355,-470.6537919408067,26.95,26.685,2.6625,,291201.0,5.464192862034325
OptiMat,180S3200MD2,45/-45/0/45/-45/0/45/-45/0/45/-45/0/45/-45,EP,UNK,Load,51.13,70.63,,,,,6.57,2.0,25.24,610.0,500.0,165.8268,199.244030518589,19.9244030518589,,,0.1,6.1,,,27.165,,,,5229.0,3.718418641829656
OptiMat,193R0300MD4,45/-45/0/45/-45/0/45/-45/0/45/-45/0/45/-45,EP,UNK,Load,0.0,,,,,,6.9,2.0,25.185,145.0,35.0,173.742,189.821689631753,18.9821689631753,,,0.1,6.1,,,27.155,27.355,,,3889792.0,6.589926378789101
OptiMat,193R0400MD4,45/-45/0/45/-45/0/45/-45/0/45/-45/0/45/-45,EP,UNK,Load,0.0,,,,,,6.59,2.0,25.48,150.0,40.0,167.7814,198.949347186279,19.8949347186279,,,0.1,6.1,656.7141382298853,-451.9538794102194,28.525,28.75,2.852,,1217152.0,6.085344817046158
OptiMat,1R0300UD2,0/0/0/0,EP,UNK,Displacement,53.31,73.23,,,,,3.73,2.0,25.11,145.0,35.0,93.6603,-239.481,-2394.81,-0.59,,10.0,4.83036090970452,806.8394187696364,-526.5913568138827,40.59,40.59,0.0,-1.30985,674709.0,5.82911650328449
OptiMat,25R0300UD2,0/0/0/0,EP,UNK,Load,50.8056392190724,71.9873847403209,,,,,3.85,2.0,24.62,145.0,35.0,94.787,259.951259138911,-259.951259138911,0.714317014169536,,-1.0,2.0,,-465.565680259128,37.2315285490482,37.3172233765215,,-1.2,30712.0,4.487308099109349
OptiMat,26R0300UD2,0/0/0/0,EP,UNK,Load,52.3204877981346,72.8373070788721,,,,,3.75,2.0,24.9,145.0,35.0,93.375,198.697724230254,-198.697724230254,0.5,,-1.0,5.0,795.7033859473871,-444.808051687231,38.312771,38.498305,2.166666666666667,-1.12,454761.0,5.65778321280759
OptiMat,27R0300UD2,0/0/0/0,EP,UNK,Load,50.660793462465,71.9848678704096,,,,,3.86333333333333,2.0,24.92,145.0,35.0,96.2742666666667,333.908541846419,-333.908541846419,0.87789,,-1.0,1.22,811.3347353874573,-452.6301938431185,38.33,38.37,2.2,-1.15,3797.0,3.579440597139797
OptiMat,28R0300UD2,0/0/0/0,EP,UNK,Load,50.2880171304518,71.8575618588619,,,,,3.92,2.0,24.8066666666667,145.0,35.0,97.2421333333334,257.090205068859,-257.090205068859,0.686516,,-1.0,2.0,768.3186399671765,,37.8,37.9,2.132,,44079.0,4.64423173331632
OptiMat,30R0300UD2,0/0/0/0,EP,UNK,Load,49.4882548122008,71.9856803097052,,,,,3.853,2.0,24.887,145.0,35.0,95.889611,-470.436781728106,-4704.36781728106,-1.2301913,,10.0,3.31,764.1472122793124,,38.93428571428571,39.33,2.089285714285714,,469.0,2.671172842715083
OptiMat,31R0400MD2,45/-45/0/45/-45/0/45/-45/0/45/-45/0/45/-45,EP,UNK,Load,50.8395470145337,71.468683859349,,,,,6.6,2.0,25.26,150.0,40.0,166.716,149.955613138511,-149.955613138511,0.575762630377414,,-1.0,4.48,,-486.2968161371674,27.15,26.605,,-1.987,1822.0,3.260548372636979
OptiMat,36R0400MD2,45/-45/0/45/-45/0/45/-45/0/45/-45/0/45/-45,EP,UNK,Load,52.4202378011116,71.8250240837175,,,,,6.56,2.0,25.31,150.0,40.0,165.8368,199.357238534851,19.9357238534851,0.765,,0.1,6.1,582.8270966468011,-460.5627570834861,28.75,29.30055266666667,2.5,-2.733333333333333,346505.0,5.539709505778251
OptiMat,37R0400MD2,45/-45/0/45/-45/0/45/-45/0/45/-45/0/45/-45,EP,UNK,Load,51.6370651725885,71.3767214312471,,,,,6.605,2.0,25.325,150.0,40.0,167.1065,164.403257276899,-65.76130291075961,,,-0.4,3.1,518.2483453335626,-447.3984883071042,27.46,27.88907598571429,2.229333333333333,-1.886142857142857,568162.0,5.75447218373013
OptiMat,38R0400MD2,45/-45/0/45/-45/0/45/-45/0/45/-45/0/45/-45,EP,UNK,Load,52.8299375462749,72.1124008822064,,,,,6.815,2.0,25.335,150.0,40.0,172.48765,326.657275270003,32.66572752700031,1.365,,0.1,2.1,528.143831048251,-465.0363068565113,26.1,30.55,2.285,-1.65,2514.0,3.400365273349939
OptiMat,42R0300UD2,0/0/0/0,EP,UNK,Load,52.551600823122,72.1078169127419,,,,,3.73,2.0,24.7133333333333,145.0,35.0,92.1807333333333,216.965078024258,-216.965078024258,0.601673483410778,,-1.0,5.0,,,36.5440741029833,36.5011662296296,,,20937.0,4.320914453045575
OptiMat,43R0300UD2,0/0/0/0,EP,UNK,Load,50.8675038885926,72.2801124796882,,,,,3.802,2.0,24.83,145.0,35.0,94.32762,415.555922302165,-415.555922302165,1.1052,,-1.0,0.82,,,39.8,39.56,,,252.0,2.401400540781544
OptiMat,44R0300UD2,0/0/0/0,EP,UNK,Load,50.8175623622701,71.6865026447593,,,,,3.626,2.0,24.77,145.0,35.0,89.8,137.837325679762,-137.837325679762,0.3444,,-1.0,8.09,,-546.011786693782,40.019,39.887,,,19854604.0,7.29786122948452
OptiMat,49R0300UD2,0/0/0/0,EP,UNK,Load,53.5391305886842,72.7683516256616,,,,,3.75666666666667,2.0,25.4633333333333,145.0,35.0,95.6572555555556,-418.159602924934,-4181.59602924934,-1.66589245941743,,10.0,2.73,838.8357223759523,,38.52065274990039,34.2119257266087,2.26875160235764,,4.0,0.6020599913279624
OptiMat,4UDR0200UD2,0/0/0/0,EP,UNK,Load,,,,,,,3.88,2.0,25.88,140.0,30.0,100.4144,259.922879586992,-259.922879586992,0.72,,-1.0,2.6,798.3889271288604,-483.9444467696906,36.0,35.8,,-1.2773,7734.0,3.888404167737047
OptiMat,4UDR0300UD2,0/0/0/0,EP,UNK,Load,,,,,,,3.8,2.0,25.0,145.0,35.0,95.0,260.0,-260.0,0.69,,-1.0,2.6,826.1838127301472,-480.7584311661122,37.5,37.2,,-1.2876,11627.0,4.065467672465651
OptiMat,4UDR0400UD2,0/0/0/0,EP,UNK,Load,,,,,,,3.95,2.0,24.85,150.0,40.0,98.1575,259.786567506304,-259.786567506304,0.69,,-1.0,3.7,836.907996563507,-469.8765400092432,37.7,37.5,,-1.263533333333333,1811.0,3.257918450314059
OptiMat,56R0400MD2,45/-45/0/45/-45/0/45/-45/0/45/-45/0/45/-45,EP,UNK,Load,52.1568062416468,71.6512809362398,,,,,6.75,2.0,25.27,150.0,40.0,170.5725,209.998680912808,-83.99947236512321,0.79,,-0.4,1.8,,,27.6,,,,62379.0,4.795038408286419
OptiMat,68R0300UD2,0/0/0/0,EP,UNK,Load,49.4487047395643,71.0654588008653,,,,,3.8,2.0,25.2833333333333,145.0,35.0,96.0766666666667,260.208860979079,-260.208860979079,0.714135234461644,,-1.0,2.0,,,36.9553614822822,36.4077097897218,,,35286.0,4.547602429785681
OptiMat,69R0300UD2,0/0/0/0,EP,UNK,Load,50.6488580659171,71.0868088496908,,,,,3.843,2.0,25.17,145.0,35.0,96.72831,335.675253708041,-335.675253708041,0.885779625,,-1.0,1.22,,,38.38,38.56,,,3228.0,3.508933526050033
OptiMat,73R0300UD2,0/0/0/0,EP,UNK,Load,53.6200980810871,72.3065214375119,,,,,3.655,2.0,25.245,145.0,35.0,92.06945,-473.121105860847,-4731.21105860847,,,10.0,4.2,1065.26317821911,-491.8229760786565,40.055,40.235,2.77,,8000.0,3.903089986991944
OptiMat,75R0400MD2,45/-45/0/45/-45/0/45/-45/0/45/-45/0/45/-45,EP,UNK,Load,52.0618756380906,,,,,,6.53,2.0,25.2,150.0,40.0,164.556,249.945307372566,-624.863268431415,,,-2.5,1.53,595.725146587075,,24.21,,2.721557,,93144.0,4.969154884451621
OptiMat,80R0400MD2,45/-45/0/45/-45/0/45/-45/0/45/-45/0/45/-45,EP,UNK,Load,51.7580017438909,71.2385830768816,,,,,6.64,2.0,25.33,150.0,40.0,168.1912,213.863745546735,-85.54549821869401,0.79,,-0.4,1.8,,,27.07,27.97,,,103657.0,5.015598635505834
OptiMat,86R0300UD2,0/0/0/0,EP,UNK,Load,51.1127043598097,71.785921760488,,,,,3.967,2.0,25.187,145.0,35.0,99.916829,-421.910907520894,-4219.10907520894,,,10.0,3.78,801.949071660096,,42.59,39.66,2.038,,15820.0,4.199206479161658
OptiMat,88R0400MD2,45/-45/0/45/-45/0/45/-45/0/45/-45/0/45/-45,EP,UNK,Load,54.1050823933501,72.9018655425451,,,,,6.4,2.0,25.07,150.0,40.0,160.448,238.083366573594,-595.208416433985,,,-2.5,1.53,,-432.134959071833,28.3,28.0,,,775565.0,5.889618201838019
OptiMat,99R0410MD2,45/-45/0/45/-45/0/45/-45/0/45/-45/0/45/-45,EP,UNK,Load,54.622329345407,73.3451300606045,,,,,6.42333333333333,2.0,25.23,150.0,40.0,162.0607,124.996374815116,-124.996374815116,0.439827,,-1.0,2.0,486.7536871055396,-432.7605890278093,29.12,28.37,2.15332,-1.72254,288857.0,5.460682896456063
Upwind,AGR03,0/90/0/90,EP,UNK,UNK,,67.5,,,,,3.09,2.0,24.75,144.52,35.3325,76.4775,392.272236932431,-392.272236932431,,,-1.0,1.0,870.2021445529284,,36.1375,36.1375,,,1513.0,3.179838928023187
Upwind,AIR03,0/90/0/90,EP,UNK,UNK,,67.5,,,,,3.02,2.0,24.8,146.11,34.425,74.896,267.036957914976,-267.036957914976,,,-1.0,2.0,842.2648250141433,,35.9075,35.9075,,,792622.0,5.899066122434209
Upwind,ALR17,90/0/90/0/90/0,EP,UNK,UNK,,67.5,,,,,4.555,,20.11,145.19,35.0,91.60105,262.00573028366,-262.00573028366,,,-1.0,3.0,,,34.8825,34.8825,,,337759.0,5.528606930153761
Upwind,ANR03,90/0/90/0,EP,UNK,UNK,,67.5,,,,,3.17,1.0,24.83,145.09,34.8025,78.7111,381.140652334931,-381.140652334931,,,-1.0,1.0,,,36.249,36.249,,,24649.0,4.391799304818467
Upwind,AOR08,90/0/90/0,EP,UNK,UNK,,71.5,,,,,2.87,0.5,19.69,129.89,20.625,56.5103,424.701337632255,-424.701337632255,,,-1.0,1.0,967.6181778778664,,40.14375,,,,1933.0,3.286231854028553
Upwind,ARR07,90/0/90/0/90/0,EP,UNK,UNK,,71.5,,,,,4.12,,19.87,145.0,35.0,81.8644,-39.7095685059684,-397.095685059684,,,10.0,1.0,,-642.424189701723,38.75,38.75,,,35300.0,4.547774705387822
Upwind,ASR07,90/0/90/0/90/0,EP,UNK,UNK,,71.5,,,,,4.19,1.0,19.78,145.81,35.4275,82.8782,434.372368125756,-434.372368125756,,,-1.0,1.0,,,40.599,40.599,,,718.0,2.8561244442423
Upwind,AZI01,90/0/90/0,EP,UNK,UNK,,71.5,,,,,2.83,1.0,24.82,261.0,149.8,70.2406,427.103413125742,42.7103413125742,,,0.1,1.0,1007.799702970735,,39.787,39.787,,,12691.0,4.103495844109766
Upwind,BII01,90/0/90/0,EP,UNK,UNK,,,,,,,3.0,1.0,24.86,261.0,149.8,74.58,402.252614641995,40.22526146419951,,,0.1,1.0,,,38.4655,38.4655,,,22447.0,4.351158306564027
Upwind,BJR08,90/0/90/0,EP,UNK,UNK,,,,,,,2.98,1.0,19.89,129.7,19.8775,59.2722,404.911577434278,40.49115774342781,,,0.1,3.0,86.65732960222816,-158.7263002697319,13.02391666666667,13.95542857142857,,,139126.0,5.143408298945073
Upwind,BKI01,90/0/90/0,EP,UNK,UNK,,,,,,,3.0,1.0,24.89,260.5,148.91,74.67,535.690370965582,53.5690370965582,,,0.1,1.0,,,37.597,37.597,,,5258.0,3.720820581770344
Upwind,BLR08,90/0/90/0,EP,UNK,UNK,,,,,,,2.97,1.0,20.21,130.2,20.2025,60.0237,-39.9842062385358,-399.842062385358,,,10.0,3.0,901.720940380734,-539.456074146953,37.9815,37.9425,,,70748.0,4.849714167146987
Upwind,BOR07,90/0/90/0/90/0,EP,UNK,UNK,,,,,,,4.515,1.0,19.66,144.64,35.2975,88.7649,-41.0071999179856,-410.071999179856,,,10.0,6.0,,,41.0,41.0,,,2788.0,3.445292769425972
Upwind,BPR07,90/0/90/0/90/0,EP,UNK,UNK,,,,,,,4.375,1.0,19.96,144.22,35.1825,87.325,-46.7220154594904,-467.220154594904,,,10.0,3.0,,,46.7,46.7,,,16350.0,4.213517756996305
Upwind,BSR08,90/0/90/0,EP,UNK,UNK,,,,,,,2.995,1.0,20.18,132.77,20.1725,60.4391,198.546967112349,-198.546967112349,,,-1.0,3.0,878.7661146966805,-555.875274667783,35.465,35.465,,,1961631.0,6.292617316124699
Upwind,BTR08,90/0/90/0,EP,UNK,UNK,,,,,,,2.87,1.0,19.76,128.55,20.3425,56.7112,264.498018028185,-105.799207211274,,,-0.4,6.0,917.7230905646196,-574.9748473350155,38.38875,38.38875,,,1204389.0,6.080766780333651
Upwind,BUR08,90/0/90/0,EP,UNK,UNK,,,,,,,2.94,1.0,20.0,129.89,20.27,58.8,680.272108843537,612.2448979591833,,,0.9,2.0,919.4144786933016,-512.9198186340291,40.01525,40.01525,,,61022.0,4.785486437569411
Upwind,BVR08,90/0/90/0,EP,UNK,UNK,,,,,,,3.025,1.0,19.93,130.01,20.3175,60.28825,155.917612470092,-389.79403117523,,,-2.5,3.0,888.5832514371501,-487.6121750964292,36.41,36.41,,,4877.0,3.688152755591566
Upwind,BWR08,90/0/90/0,EP,UNK,UNK,,,,,,,2.91,1.0,19.84,129.85,21.055,57.7344,692.827846136792,623.5450615231128,,,0.9,2.0,938.9903114604094,-425.472484557018,37.6675,37.6675,,,11060.0,4.043755126968679
Upwind,BXR08,90/0/0/90,EP,UNK,UNK,,,,,,,2.995,1.0,20.09,130.0,21.3375,60.16955,179.49278330983,-448.731958274575,,,-2.5,2.0,913.1612122985168,-496.7470260716611,40.14675,40.14675,,,874.0,2.941511432634403
Upwind,BYR08,90/0/0/90,EP,UNK,UNK,,,,,,,2.995,1.0,19.95,130.06,20.2875,59.75025,65.2716934238769,-65.2716934238769,,,-1.0,1.0,87.83143512805223,-152.1540095072095,12.299,12.299,,,813.0,2.910090545594068
Upwind,BZR08,90/0/0/90,EP,UNK,UNK,,,,,,,2.855,1.0,19.8,129.6,20.585,56.529,58.3771161704612,-58.3771161704612,,,-1.0,1.0,94.543954343865,-143.2012491628077,13.1043333333333,13.1043333333333,,,7161.0,3.854973673726417
SNL/MSU/DOE,Biax-CH-UP2[(±45)3]S,45/-45/45/-45/45/-45/-45/45/-45/45/-45/45,PE,UNK,UNK,47.0,,0.0,100.0,0.0,0.0,3.86,,25.0,,,,103.0,10.3,0.97,0.097,0.1,2.0,143.25,-177.75,13.9,,1.45,-1.31,3591.0,3.555215405126073
SNL/MSU/DOE,Biax-CH10-UP2[(±45)3]S,45/-45/45/-45/45/-45/-45/45/-45/45/-45/45,PE,UNK,UNK,32.0,,0.0,100.0,0.0,0.0,5.56,,25.0,,,,69.0,6.9,1.16,0.116,0.1,4.0,120.6666666666667,-163.0,7.566666666666666,,7.236666666666667,-2.01,4432.0,3.646599751720373
SNL/MSU/DOE,Biax-CH11-UP2[(±45)2]S,45/-45/45/-45/-45/45/-45/45,PE,UNK,UNK,50.0,,0.0,100.0,0.0,0.0,2.41,,25.0,,,,86.0,8.6,0.98,0.098,0.1,4.0,134.3333333333333,-188.6666666666667,13.0,,6.466666666666666,-1.4,861.0,2.935003151453655
SNL/MSU/DOE,Biax-CH12-UP2[±45/0/±45]S,45/-45/0/45/-45/-45/45/0/-45/45,PE,UNK,UNK,33.0,,39.0,61.0,0.0,0.0,3.0,,25.0,,,,276.0,27.6,1.94,0.194,0.1,2.0,356.0,-389.0416666666667,16.6,,6.066666666666667,,2415.0,3.382917135087531
SNL/MSU/DOE,Biax-CH13-UP2[±45/0/±45]S,45/-45/0/45/-45/-45/45/0/-45/45,PE,UNK,UNK,51.0,,24.0,76.0,0.0,0.0,3.28,,25.0,,,,276.0,27.6,1.68,0.168,0.1,2.0,422.6666666666667,-384.6666666666667,22.93333333333334,,2.81,,449.0,2.652246341003323
SNL/MSU/DOE,Biax-CH14-UP2[±45/0/±45]S,45/-45/0/45/-45/-45/45/0/-45/45,PE,UNK,UNK,39.0,,39.0,61.0,0.0,0.0,2.49,,25.0,,,,345.0,34.5,2.05,0.205,0.1,1.0,517.0,-412.0,22.26666666666667,,3.386666666666667,,283.0,2.45178643552429
SNL/MSU/DOE,Biax-CH15-UP2[±45/0/±45]S,45/-45/0/45/-45/-45/45/0/-45/45,PE,UNK,UNK,32.0,,28.0,61.0,0.0,0.0,2.49,,25.0,,,,-24.1,-241.0,,,10.0,2.0,310.3333333333333,-345.6666666666667,14.83333333333333,,3.62,,996.0,2.998259338423699
SNL/MSU/DOE,Biax-CH16-UP2[±45/0/±45]S,45/-45/0/45/-45/-45/45/0/-45/45,PE,UNK,UNK,34.0,,28.0,61.0,0.0,0.0,2.36,,25.0,,,,-24.1,-241.0,,,10.0,1.0,360.3333333333333,-309.0,18.26666666666667,,2.89,,371.0,2.569373909615046
SNL/MSU/DOE,Biax-CH17-UP2[±45/0/±45]S,45/-45/0/45/-45/-45/45/0/-45/45,PE,UNK,UNK,42.0,,28.0,61.0,0.0,0.0,1.96,,25.0,,,,-24.1,-241.0,,,10.0,2.0,359.0,-301.3333333333333,17.26666666666667,,3.58,,822.0,2.914871817540051
SNL/MSU/DOE,Biax-CH18-UP2[±45/0/±45]S,45/-45/0/45/-45/-45/45/0/-45/45,PE,UNK,UNK,45.0,,16.0,84.0,0.0,0.0,3.1,,25.0,,,,-24.1,-241.0,,,10.0,1.0,294.3333333333333,-297.6666666666667,16.16666666666667,,3.106666666666667,,120.0,2.079181246047625
SNL/MSU/DOE,Biax-CH19-UP2[±45/0/±45]S,45/-45/0/45/-45/-45/45/0/-45/45,PE,UNK,UNK,33.0,,16.0,84.0,0.0,0.0,4.6,,25.0,,,,-17.2,-172.0,,,10.0,1.0,193.0,-251.3333333333333,11.36666666666667,,3.866666666666667,,167.0,2.222716471147583
SNL/MSU/DOE,Biax-CH2-UP2[(±45/0/±45)]S,45/-45/0/45/-45/-45/45/0/-45/45,PE,UNK,UNK,44.0,,24.0,76.0,0.0,0.0,3.78,,25.0,,,,241.0,24.1,1.8,0.18,0.1,2.0,364.0,-341.6666666666667,16.9,,2.3075,,396.0,2.597695185925512
SNL/MSU/DOE,Biax-CH20-UP2[(±45)3]S,45/-45/45/-45/45/-45/-45/45/-45/45/-45/45,PE,UNK,UNK,26.0,,0.0,92.0,0.0,8.0,3.76,,25.0,,,,52.0,5.2,0.52,0.052,0.1,12.0,133.6666666666667,-229.6666666666667,10.56666666666667,,1.566666666666667,,136994.0,5.136701546543606
SNL/MSU/DOE,Biax-CH23-UP2[±45/0/±45]S,45/-45/0/45/-45/-45/45/0/-45/45,PE,UNK,UNK,32.0,,39.0,56.0,0.0,5.0,2.95,,25.0,,,,276.0,27.6,1.51,0.151,0.1,2.0,393.6666666666667,-447.6666666666667,19.2,,2.206666666666667,,331.0,2.519827993775719
SNL/MSU/DOE,Biax-CH3-UP2[(±45/0/±45)]S,45/-45/0/45/-45/-45/45/0/-45/45,PE,UNK,UNK,42.0,,24.0,76.0,0.0,0.0,4.19,,25.0,,,,-20.7,-207.0,,,10.0,2.0,336.3333333333333,-318.0,16.63333333333333,,2.766666666666667,,238.0,2.376576957056512
SNL/MSU/DOE,Biax-CH4-UP2[(±45)4]S,45/-45/45/-45/45/-45/45/-45/-45/45/-45/45/-45/45/-45/45,PE,UNK,UNK,40.0,,0.0,100.0,0.0,0.0,2.92,,25.0,,,,-12.4,-124.0,-0.109,-1.09,10.0,2.0,155.3333333333333,-172.3333333333333,11.2,,6.0,-1.513333333333333,144.0,2.15836249209525
SNL/MSU/DOE,Biax-CH5-UP2[(±45)3]S,45/-45/45/-45/45/-45/-45/45/-45/45/-45/45,PE,UNK,UNK,28.0,,0.0,100.0,0.0,0.0,3.05,,25.0,,,,-8.6,-86.0,-0.101,-1.01,10.0,10.0,131.5,-217.5333333333333,8.766666666666667,,4.066666666666666,-2.24,131302.0,5.118271341339659
SNL/MSU/DOE,Biax-CH6-UP2[±45/0/±45]S,45/-45/0/45/-45/-45/45/0/-45/45,PE,UNK,UNK,44.0,,39.0,61.0,0.0,0.0,2.26,,25.0,,,,-20.7,-207.0,,,10.0,5.0,501.6666666666667,-407.3333333333333,22.33333333333333,,3.166666666666667,,15707.0,4.196093243737515
SNL/MSU/DOE,Biax-CH7-UP2[(±45)2]S,45/-45/45/-45/-45/45/-45/45,PE,UNK,UNK,55.0,,0.0,100.0,0.0,0.0,3.86,,25.0,,,,-10.3,-103.0,,,10.0,2.0,112.5,-167.6666666666667,16.13333333333333,,1.75,,1918.0,3.282848602834645
SNL/MSU/DOE,Biax-CH8-UP2[(±45)2]S,45/-45/45/-45/-45/45/-45/45,PE,UNK,UNK,37.0,,0.0,100.0,0.0,0.0,5.89,,25.0,,,,-10.3,-103.0,-0.103,-1.03,10.0,4.0,92.66666666666669,-146.0,10.36666666666667,,6.666666666666667,-0.4666666666666666,191.0,2.281033367247728
SNL/MSU/DOE,Biax-CH9-UP2[(±45)3]S,45/-45/45/-45/45/-45/-45/45/-45/45/-45/45,PE,UNK,UNK,40.0,,0.0,100.0,0.0,0.0,2.13,,25.0,,,,103.0,10.3,1.8,0.18,0.1,2.0,150.6666666666667,-174.3333333333333,10.36666666666667,,7.366666666666667,-1.7,250.0,2.397940008672037
SNL/MSU/DOE,Biax-M9.6/35%/BB600/G -prepreg[±45]2S,45/-45/45/-45/-45/45/-45/45,EP,UNK,UNK,46.0,,0.0,100.0,0.0,0.0,2.07,,25.0,,,,86.2,8.620000000000001,1.03,0.103,0.1,2.0,152.2857142857143,-150.0,13.44285714285714,,1.265714285714286,,5645.0,3.751663946260987
Upwind,CBR08,90/0/0/90,EP,UNK,UNK,,,,,,,3.02,1.0,20.11,129.97,21.01,60.7322,526.903356045063,52.6903356045063,,,0.1,4.0,,-474.0788629357008,39.35425,39.35425,,,25210.0,4.401572845676446
Upwind,CCR08,90/0/0/90,EP,UNK,UNK,,,,,,,2.985,1.0,20.12,130.34,20.785,60.0582,56.6117532659986,5.66117532659986,,,0.1,1.0,83.769391611969,-142.1324303494354,13.3415,13.3415,,,17816.0,4.250810204025981
Upwind,CMR08,90/0/0/90,EP,UNK,UNK,,,,,,,2.925,1.0,19.82,128.42,20.425,57.9735,344.985208759175,34.4985208759175,,,0.1,6.0,,,37.758,37.758,,,990763.0,5.995969779508599
Upwind,CWR08,90/0/0/90,EP,UNK,UNK,,,,,,,3.0,1.0,20.28,131.7,20.3125,60.84,-443.786982248521,-488.1656804733731,,,1.1,4.0,,,37.3,37.3,,,450980.0,5.654157282272116
Upwind,CYR08,90/0/0/90,EP,UNK,UNK,,,,,,,3.06,0.5,19.17,131.32,19.6425,58.6602,545.514676049519,54.55146760495191,,,0.1,2.0,,,35.93325,35.93325,,,4239.0,3.627263416568221
SNL/MSU/DOE,Carbon prepreg[0]2,0/0,EP,UNK,UNK,56.1,,100.0,0.0,0.0,0.0,1.22,,,,,,1508.0,150.8,1.26,,0.1,2.0,2018.5,,123.3,,1.559,,66090.0,4.82013575187043
SNL/MSU/DOE,Carbon prepreg[±45/[0]2/±45],45/-45/0/0/45/-45,EP,UNK,UNK,55.9,,50.0,50.0,0.0,0.0,2.06,,,,,,1034.0,103.4,1.24,,0.1,1.0,1189.888888888889,,76.64444444444445,,1.45,,17589.0,4.245241148904459
Upwind,DAR08,90/0/0/90,EP,UNK,UNK,,,,,,,2.99,1.0,20.33,121.58,19.93,60.7867,329.019341401984,32.9019341401984,,,0.1,6.0,,,37.59325,37.59325,,,562639.0,5.750229832517699
SNL/MSU/DOE,DB-BIAX-DE2[(+/-45)S]3,45/-45/-45/45/45/-45/-45/45/45/-45/-45/45,EP,UNK,UNK,40.0,,0.0,68.0,0.0,32.0,4.93,,,,,,121.0,12.1,1.4,,0.1,1.0,220.3333333333333,,13.5,,3.3,,1778.0,3.249931756634195
SNL/MSU/DOE,DB-BIAX-DE4[(+/-45)S]3,45/-45/-45/45/45/-45/-45/45/45/-45/-45/45,EP,UNK,UNK,40.0,,0.0,68.0,0.0,32.0,4.85,,,,,,121.0,12.1,1.63,,0.1,1.0,214.3333333333333,,13.1,,3.433333333333334,,2373.0,3.375297738217339
SNL/MSU/DOE,DB-BIAX-DH3-EP1(±45)6,45/-45/45/-45/45/-45/45/-45/45/-45/45/-45,EP,UNK,UNK,56.1,,0.0,99.0,0.0,1.0,3.35,,,,,,69.0,6.9,0.92,,0.1,3.0,110.25,-125.3333333333333,14.1,,,,9465.0,3.976120618299816
SNL/MSU/DOE,DB-BIAX-FGI1708-EP1(RM/±45)3S,0/45/-45/0/45/-45/0/45/-45/-45/45/0/-45/45/0/-45/45/0,EP,UNK,UNK,44.0,,0.0,68.0,0.0,30.0,4.59,,,,,,103.0,10.3,1.1,,0.1,1.5,198.4285714285714,-187.5,13.4,,3.95,-1.5875,4696.0,3.671728088239558
SNL/MSU/DOE,DB-BIAX-FGI1708-UP1(RM/±45)3S,0/45/-45/0/45/-45/0/45/-45/-45/45/0/-45/45/0/-45/45/0,PE,UNK,UNK,44.0,,0.0,68.0,0.0,30.0,4.52,,,,,,69.0,6.9,0.61,,0.1,2.5,212.25,,14.36666666666667,,3.21625,,53802.0,4.730798420142587
SNL/MSU/DOE,DB-BIAX-SWA-EP1(±45)6,45/-45/45/-45/45/-45/45/-45/45/-45/45/-45,EP,UNK,UNK,45.0,,0.0,97.0,2.0,0.0,4.2,,,,,,103.0,10.3,1.57,,0.1,2.0,170.7142857142857,-175.5,11.8875,,2.042857142857143,,1014.0,3.006037954997317
SNL/MSU/DOE,DB-BIAX-VE1[(RM/±45)S]3,0/45/-45/-45/45/0/0/45/-45/-45/45/0/0/45/-45/-45/45/0,VE,UNK,UNK,46.0,,0.0,68.0,0.0,30.0,4.12,,,,,,103.0,10.3,0.8,,0.1,1.5,213.0,,16.25,,,,12933.0,4.111699277573551
SNL/MSU/DOE,DB-BIAX-VE2A[(RM/±45)S]3,0/45/-45/-45/45/0/0/45/-45/-45/45/0/0/45/-45/-45/45/0,VE,UNK,UNK,43.0,,0.0,68.0,0.0,30.0,4.54,,,,,,103.0,10.3,1.23,,0.1,1.5,222.3333333333333,,13.9,,,,5225.0,3.718086294783092
SNL/MSU/DOE,DB-BIAX-VE2[(RM/±45)S]3,0/45/-45/-45/45/0/0/45/-45/-45/45/0/0/45/-45/-45/45/0,VE,UNK,UNK,44.0,,0.0,68.0,0.0,30.0,4.41,,,,,,103.0,10.3,1.21,,0.1,1.5,187.0,,15.35,,,,3346.0,3.524525936626376
SNL/MSU/DOE,DB-BIAX-WS-EP1(±45)6,45/-45/45/-45/45/-45/45/-45/45/-45/45/-45,EP,UNK,UNK,50.0,,0.0,100.0,0.0,0.0,4.06,,,,,,121.0,12.1,1.15,,0.1,1.0,190.1666666666667,,16.8,,,,2768.0,3.44216608578472
Upwind,DBR08,90/0/0/90,EP,UNK,UNK,,,,,,,3.08,0.5,20.37,130.57,19.6225,62.7396,-36.1812953860082,-361.812953860082,,,10.0,5.0,,,40.977,40.977,,,6625784.0,6.821237273813201
Upwind,DCR08,90/0/0/90,EP,UNK,UNK,,,,,,,2.96,1.0,20.27,128.79,20.0275,59.9992,400.005333404445,-400.005333404445,,,-1.0,1.0,,,38.6985,38.6985,,,192.0,2.28330122870355
Upwind,DDR08,90/0/0/90,EP,UNK,UNK,,,,,,,3.05,1.0,20.62,128.48,20.5825,62.891,-238.507894611312,-477.015789222624,,,2.0,3.0,865.892553913787,,37.00975,37.00975,,,142.0,2.152288344383057
Upwind,DPR08,90/0/0/90,EP,UNK,UNK,,,,,,,2.975,1.0,20.14,131.8,19.4975,59.9165,400.55744244073,-400.55744244073,,,-1.0,1.0,,,37.868,37.868,,,153.0,2.184691430817599
Upwind,DQR08,90/0/0/90,EP,UNK,UNK,,,,,,,2.955,1.0,20.4,131.81,19.7325,60.282,398.128794665074,-398.128794665074,,,-1.0,1.0,,,38.293,38.293,,,237.0,2.374748346010104
Upwind,DSR08,90/0/0/90,EP,UNK,UNK,,,,,,,2.985,1.0,20.4,129.28,19.875,60.894,499.228166978684,49.9228166978684,,,0.1,1.0,893.8256529613985,-555.5188634621917,37.817,37.817,,,15886.0,4.201014558213372
Upwind,DVR08,90/0/0/90,EP,UNK,UNK,,,,,,,2.975,1.0,20.41,131.24,19.9275,60.71975,-214.098378204785,-428.19675640957,,,2.0,6.0,,,36.868,36.868,,,2321.0,3.365675140455918
Upwind,DWR08,90/0/0/90,EP,UNK,UNK,,,,,,,2.98,1.0,19.98,130.72,19.36,59.5404,-251.929782131124,-503.859564262248,,,2.0,3.0,,,36.623,36.623,,,136.0,2.133538908370217
Upwind,ERR08,90/0/0/90,EP,UNK,UNK,,,,,,,3.025,1.0,19.93,122.0,20.2625,60.28825,-9.95218803000585,-99.5218803000585,,,10.0,3.0,,,13.604,13.604,,,14451.0,4.159897901034096
Upwind,FLR08,90/0/0/90,EP,UNK,UNK,,,,,,,3.035,1.0,20.37,130.33,20.4125,61.82295,-429.452169461341,-472.3973864074751,,,1.1,8.0,,,37.62025,37.62025,,,4568265.0,6.659751288911079
OptiMat,GEV02014D0100UD1,0/0/0/0/0,EP,UNK,Load,,,,,,,4.575,,23.0,,,105.225,190.068899976241,-190.068899976241,,,-1.0,3.0,842.3230856121847,-398.4510154378506,45.78475,45.15733333333333,2.1175,-0.8828333333333332,533119.0,5.726824160761906
OptiMat,GEV02014R0100UD1,0/0/0/0/0,EP,UNK,,,,,,,,4.55,2.0,25.14,170.0,50.0,114.387,262.267565370191,-262.267565370191,0.658,,-1.0,2.0,838.2467305416553,-513.1557175844214,39.95,40.02316666666667,2.1085,-1.280833333333333,24325.0,4.386052848940389
FACT,"GE[+30(),-30()FW]",30/-30,EP,,Load,50.0,,,,,,3.5,,50.4,154.9,50.0,176.4,68.0,0.0,0.4857142857142858,,0.0,10.0,274.5,,14.0,,,,11254000.0,7.051306910817974
FACT,GE[0(425)]5,0/0/0/0/0,EP,Sinusoidal,Load,36.9,,,,,,2.2,,20.0,250.0,110.0,44.0,118.4,-118.4,0.4,,-1.0,16.0,619.2320000000001,,29.6,,2.092,-2.418,57220600.0,7.757552407389603
FACT,"GE[[+45(280),-45(280)WR]1,[0(425)]2]s",45/-45/0/0/0/0/-45/45,EP,Sinusoidal,Load,38.6,,,,,,2.2,,20.0,250.0,110.0,44.0,98.4,-98.4,0.4,,-1.0,16.0,544.152,,24.6,,2.212,-2.14,76421820.0,7.883217376280224
FACT,"GE[[+45(390),-45(390)WR],[0(920)]1.5]s",45/-45/0/0/0/0/-45/45,EP,Sinusoidal,Load,53.0,,,,,,2.8,,30.0,250.0,100.0,56.0,126.8,-126.8,0.4,,-1.0,10.0,846.39,,31.7,,2.67,-1.96,28787900.0,7.459209985417303
FACT,"GP['[+45()FW],[-45()FW]]4s",45/-45/45/-45/45/-45/45/-45/-45/45/-45/45/-45/45/-45/45,PE,Triangular,Load,,,,,,,2.0,,60.0,280.0,110.0,50.0,65.0,6.5,0.37,,0.1,5.0,,-132.0,17.4,,,-2.6,39707.0,4.598867075866121
FACT,GP[(100CSM)]6,0/0/0/0/0/0,PE,,Load,31.0,,,,,,5.0,,25.0,270.0,,125.0,42.0,-42.0,0.49,,-1.0,3.0,,,8.4,,1.61,,1522200.0,6.182471717605375
FACT,"GP[+45(400),-45(400)K]3s",45/-45/45/-45/45/-45/-45/45/-45/45/-45/45,PE,,Load,53.0,,,,,,5.0,,25.0,270.0,,125.0,20.0,-20.0,0.25634766,,-1.0,3.0,,,10.4,,12.0,,1636000.0,6.213783299335304
FACT,"GP[0(),+45(),-45()SB]6s",0/45/-45/0/45/-45/0/45/-45/0/45/-45/0/45/-45/0/45/-45/-45/45/0/-45/45/0/-45/45/0/-45/45/0/-45/45/0/-45/45/0,PE,Sinusoidal,Displacement,38.0,,,,,,3.8,,50.8,254.0,100.0,193.04,68.95,6.895,0.34,,0.1,15.0,467.5,-317.5,19.92655,,2.84,,7825000.0,6.893484346218486
FACT,GP[0()FW]8,0/0/0/0/0/0/0/0,PE,Triangular,Load,52.8,,,,,,1.9,,60.0,280.0,110.0,34.2,472.0,47.2,1.0,,0.1,5.0,862.0,,47.2,,2.3,,5209100.0,6.716762694739536
FACT,GP[0()],0,PE,Sinusoidal,Load,50.0,,,,,,3.3,,25.4,254.0,100.0,83.82,324.8924,32.48924,0.91,,0.1,10.0,742.3,-365.9,34.475,,2.31,,153402.0,5.185831021824837
FACT,GP[0()]5,0/0/0/0/0,PE,Sinusoidal,Load,30.0,,,,,,4.1,,50.8,254.0,100.0,208.28,189.12985,18.912985,0.9,,0.1,10.0,567.2,-313.2,20.9608,,2.76,,1612585.0,6.207522615746401
FACT,"GP[0(400),90(400),(100CSM)]SB]5",0/90/0/0/90/0/0/90/0/0/90/0/0/90/0,PE,,Load,69.0,,,,,,5.0,,25.0,270.0,,125.0,82.0,-82.0,0.538,,-1.0,3.0,,,16.0,,2.25,,1616600.0,6.208602574462533
FACT,"GP[0(400),90(400)K]3s",0/90/0/90/0/90/90/0/90/0/90/0,PE,,Load,53.0,,,,,,5.0,,25.0,270.0,,125.0,105.0,-105.0,0.6,,-1.0,3.0,,,20.4,,2.5,,1470900.0,6.167583147965841
FACT,"GP[0(600),90(8)K]3s",0/90/0/90/0/90/90/0/90/0/90/0,PE,,Load,54.0,,,,,,5.0,,25.0,270.0,,125.0,145.0,-145.0,0.51236749,,-1.0,3.0,,,28.3,,2.34,,1755400.0,6.244376094020572
FACT,GP[0(610)]4,0/0/0/0,PE,Sinusoidal,Load,36.0,,,,,,2.4,,25.0,180.0,40.0,60.0,210.0,21.0,0.7,,0.1,25.0,,,30.0,,,,28579000.0,7.456047028440957
FACT,GP[0(610)]8,0/0/0/0/0/0/0/0,PE,Sinusoidal,Load,36.0,,,,,,4.8,,25.0,250.0,110.0,120.0,,,0.57,,0.1,25.0,670.0,-475.0,29.5,,,,55000000.0,7.740362689494244
FACT,"GP[90(600),0(8)K]3s",90/0/90/0/90/0/0/90/0/90/0/90,PE,,Load,54.0,,,,,,5.0,,25.0,270.0,,125.0,20.0,-20.0,0.37,,-1.0,3.0,,,10.6,,2.35,,1462900.0,6.16521463991033
FACT,"GP[[+-45(300)SB],[0(400)]5,[+-45(300)SB],[0(400)]2.5]s",45/-45/0/0/0/0/0/45/-45/0/0/0/0/-45/45/0/0/0/0/0/-45/45,PE,Sinusoidal,,55.0,,,,,,5.2,,80.0,400.0,240.0,416.0,110.0,22.0,0.2861528055981894,,0.2,8.3,659.07,,38.441,,,,22676100.0,7.355568363531158
FACT,"GP[[+10()FW],[-10()FW]]4s",10/-10/10/-10/10/-10/10/-10/-10/10/-10/10/-10/10/-10/10,PE,Sinusoidal,Load,49.1,,,,,,2.0,,12.0,250.0,,24.0,-204.5,-2045.0,-0.5,,10.0,10.0,604.0,,40.9,,,,9495980.0,6.977539791256267
FACT,"GP[[+45()FW],[-45()]FW]4s",45/-45/45/-45/45/-45/45/-45/-45/45/-45/45/-45/45/-45/45,PE,Triangular,Load,,,,,,,2.0,,60.0,280.0,110.0,50.0,,,-0.5,,10.0,5.0,,-132.0,17.4,16.2,,-2.6,632323.0,5.800938979047785
FACT,"GP[[+60()FW],[-60()FW]]4s",60/-60/60/-60/60/-60/60/-60/-60/60/-60/60/-60/60/-60/60,PE,Triangular,Load,58.1,,,,,,2.0,,60.0,280.0,110.0,50.0,28.38,2.838,0.172,,0.1,5.0,55.0,,16.5,,0.5,,376116.0,5.575321808731915
FACT,"GP[[0()FW]2,[+45()FW],[-45()FW],[0()]FW]s",0/0/45/-45/0/0/-45/45/0/0,PE,Triangular,Load,55.0,,,,,,2.3,,60.0,280.0,110.0,41.4,237.6,23.76,0.8,,0.1,5.0,655.0,,29.7,,2.6,,7964865.0,6.901178419151347
FACT,"GP[[0()]2,[+10()],[-10()],[0()]]s",0/0/10/-10/0/0/-10/10/0/0,PE,Triangular,Load,,,,,,,2.0,,60.0,280.0,110.0,36.0,-398.0,-3980.0,-0.98,,10.0,5.0,874.0,-720.0,42.0,40.6,2.24,-1.9,1689490.0,6.227755625552956
FACT,"GP[[0()]2,[+30(),-30()],[0()]]s",0/0/30/-30/0/0/-30/30/0/0,PE,Triangular,Load,,,,,,,2.0,,60.0,280.0,110.0,36.0,-210.0,-2100.0,-0.69,,10.0,5.0,634.0,,30.4,,2.4,,1238544.0,6.092911439761397
FACT,"GP[[0()]2,[+30()],[-30()],[0()]]s",0/0/30/-30/0/0/-30/30/0/0,PE,Triangular,Load,,,,,,,2.0,,60.0,280.0,110.0,36.0,292.0,29.2,0.96,,0.1,5.0,634.0,,30.4,,2.4,,627801.0,5.797822003135505
FACT,"GP[[0(400),90(400)WR],[(100CSM)]SB]5",0/90/0/0/90/0/0/90/0/0/90/0/0/90/0,PE,,Load,50.7,,,,,,5.0,,25.0,270.0,,125.0,72.24,-72.24,0.452,,-1.0,3.0,,,16.1,16.5,1.62,-1.63,4190000.0,6.622214022966295
FACT,"GV[0(),+45(),-45()SB]6s",0/45/-45/0/45/-45/0/45/-45/0/45/-45/0/45/-45/0/45/-45/-45/45/0/-45/45/0/-45/45/0/-45/45/0/-45/45/0/-45/45/0,VE,Sinusoidal,Load,38.0,,,,,,3.8,,50.8,254.0,100.0,193.04,68.95,6.895,0.32,,0.1,15.0,516.0,-289.1,21.44345,,2.95,,17764694.0,7.249557731090418
FACT,GV[0()]5,0/0/0/0/0,VE,Sinusoidal,Load,30.0,,,,,,4.1,,50.8,254.0,100.0,208.28,187.88875,18.788875,0.79,,0.1,10.0,586.6,-294.6,22.54665,,2.66,,7475243.0,6.873625314968879
FACT,"GV[[0(400),90(400)WR],[(100CSM)]SB]5",0/90/0/0/90/0/0/90/0/0/90/0/0/90/0,VE,,Load,52.3,,,,,,5.0,,25.0,270.0,,125.0,89.39066,-89.39066,0.53,,-1.0,3.0,,,16.9,15.9,1.68,-1.73,878500.0,5.943741765831314
Upwind,IHR08,0/0/0,EP,UNK,UNK,,,,,,,2.22,1.0,19.98,134.98,20.275,44.3556,631.261892523154,-631.261892523154,,,-1.0,1.0,1659.738726641935,,96.439,96.439,,,6227.0,3.7942788657214
Upwind,IXR08,45/-45/0/0/0/45/-45,EP,UNK,UNK,,,,,,,3.545,1.5,20.18,136.46,20.475,71.5381,978.499568761262,97.8499568761262,,,0.1,3.0,1160.88199648686,-589.124385970939,62.8595,62.8595,,,15334.0,4.185655458920215
Upwind,JOS74,45/-45/-45/45,EP,UNK,UNK,,,,,,,23.575,,59.7,300.0,,1407.4275,8.86073190402758,-8.86073190402758,,,-1.0,4.0,25.0819757422707,,9.00175,9.00175,,,149755.0,5.175381331469755
Upwind,KER09,45/-45/45/-45,EP,UNK,UNK,,,,,,,2.64,1.0,20.16,139.5,31.11,53.2224,37.5781625781626,-37.5781625781626,,,-1.0,,141.890249801805,,11.493,11.493,,,1316924.0,6.119560712446211
Upwind,LAI10,45/-45/0/0/0/45/-45,EP,UNK,UNK,,,,,,,3.495,1.0,15.08,250.3,150.75,52.7046,758.947036881031,75.89470368810309,,,0.1,3.0,,,69.193,69.193,,,697832.0,5.843750880710793
SNL/MSU/DOE,LCCF-K20[0]5,0/0/0/0/0,EP,UNK,UNK,43.0,,100.0,0.0,0.0,0.0,0.93,,,,,,621.0,62.1,0.59,,0.1,2.5,957.2,,78.97999999999999,,0.892,,1333.0,3.124830149413859
SNL/MSU/DOE,LCCF-T20[0]5,0/0/0/0/0,EP,UNK,UNK,56.0,,100.0,0.0,0.0,0.0,1.2,,,,,,862.0,86.2,0.6,,0.1,1.0,909.1666666666666,,131.4166666666667,,0.68,,11.0,1.041392685158225
Upwind,LHR09,45/-45/45/-45,EP,UNK,UNK,,,,,,,2.53,1.0,19.95,104.39,30.16,50.4735,35.6622782252073,-35.6622782252073,,,-1.0,8.0,,,12.05825,12.05825,,,4015420.0,6.603730977794687
Upwind,LNR08,90/0/0/90,EP,UNK,UNK,,,,,,,2.9,1.0,20.1,131.59,20.0875,58.29,411.734431291817,-411.734431291817,,,-1.0,1.0,968.0554441130524,,39.417,39.417,,,23024.0,4.36218077659253
SNL/MSU/DOE,MD-10D155-UP2[±10]3,10/-10/10/-10/10/-10,PE,UNK,UNK,36.0,,0.0,0.0,0.0,100.0,3.47,,25.0,,,,172.0,17.2,0.6,0.06,0.1,10.0,276.75,-383.75,27.9,,0.9575,,167538.0,5.22411332670774
SNL/MSU/DOE,MD-20D155-UP2[±20]3,20/-20/20/-20/20/-20,PE,UNK,UNK,38.0,,0.0,0.0,0.0,100.0,3.21,,25.0,,,,172.0,17.2,0.71,0.071,0.1,5.0,267.6666666666667,-286.75,24.2,,1.233333333333333,,21427.0,4.330961369611591
SNL/MSU/DOE,MD-30D155-UP2[±30]3,30/-30/30/-30/30/-30,PE,UNK,UNK,40.0,,0.0,0.0,0.0,100.0,3.11,,25.0,,,,103.0,10.3,0.56,0.056,0.1,5.0,169.3333333333333,-176.25,17.33333333333334,,1.533333333333333,,15975.0,4.203440866830438
SNL/MSU/DOE,MD-40D155-UP2[±40]3,40/-40/40/-40/40/-40,PE,UNK,UNK,39.0,,0.0,0.0,0.0,100.0,3.17,,25.0,,,,86.0,8.6,0.89,0.089,0.1,4.0,143.6666666666667,-131.75,11.36666666666667,,13.66666666666667,,7598.0,3.880699289218702
SNL/MSU/DOE,MD-45D155-UP2[±45]3,45/-45/45/-45/45/-45,PE,UNK,UNK,39.0,,0.0,0.0,0.0,100.0,3.17,,25.0,,,,55.0,5.5,0.65,0.065,0.1,12.0,107.0,-137.75,9.976666666666668,,23.66666666666667,,12908.0,4.110858956731867
SNL/MSU/DOE,MD-45D155P2-UP4[±45]3,45/-45/45/-45/45/-45,PE,UNK,UNK,40.0,,0.0,0.0,0.0,100.0,3.05,,25.0,,,,55.0,5.5,0.57,0.057,0.1,3.0,96.0,-160.0,11.76666666666667,,13.66666666666667,,4934.0,3.693199145153717
SNL/MSU/DOE,MD-45D155V-VE[±45]3,45/-45/45/-45/45/-45,VE,UNK,UNK,41.0,,0.0,0.0,0.0,100.0,3.0,,25.0,,,,69.0,6.9,0.84,0.084,0.1,2.0,121.3333333333333,-154.0,10.46666666666667,,19.66666666666667,,4581.0,3.660960291776084
SNL/MSU/DOE,MD-45D155V2-VE2[±45]3,45/-45/45/-45/45/-45,VE,UNK,UNK,40.0,,0.0,0.0,0.0,100.0,3.1,,25.0,,,,-6.9,-69.0,,,10.0,12.0,135.3333333333333,-149.3333333333333,10.5,,,,2569227.0,6.409802477365649
SNL/MSU/DOE,MD-50D155-UP2[±50]3,50/-50/50/-50/50/-50,PE,UNK,UNK,38.0,,0.0,0.0,0.0,100.0,3.23,,25.0,,,,35.0,3.5,0.41,0.041,0.1,20.0,64.4,-137.75,8.62,,21.6,,136803.0,5.136095621281465
SNL/MSU/DOE,MD-60D155-UP2[±60]3,60/-60/60/-60/60/-60,PE,UNK,UNK,40.0,,0.0,0.0,0.0,100.0,3.11,,25.0,,,,24.0,2.4,0.31,0.031,0.1,10.0,36.75,-141.0,7.3725,,0.63,,23872.0,4.377888805792574
SNL/MSU/DOE,MD-70D155-UP2[±70]3,70/-70/70/-70/70/-70,PE,UNK,UNK,39.0,,0.0,0.0,0.0,100.0,3.17,,25.0,,,,17.0,1.7,0.21,0.021,0.1,10.0,27.75,-136.25,6.8875,,0.47,,30672.0,4.486742095533987
SNL/MSU/DOE,MD-80D155-UP2[±80]3,80/-80/80/-80/80/-80,PE,UNK,UNK,37.0,,0.0,0.0,0.0,100.0,3.32,,25.0,,,,17.0,1.7,0.24,0.024,0.1,2.0,25.77777777777778,-153.0,7.674444444444443,,0.35,,2096.0,3.321391278311689
SNL/MSU/DOE,MD-90D155-UP2[90]6,90/90/90/90/90/90,PE,UNK,UNK,37.0,,0.0,0.0,0.0,100.0,3.32,,25.0,,,,17.0,1.7,0.24,0.024,0.1,5.0,27.0,-122.75,7.361428571428571,,0.3728571428571428,,17903.0,4.2529258116658
SNL/MSU/DOE,MD-BB-UP2[±45/(0)2/+45]S,45/-45/0/0/45/45/0/0/-45/45,PE,UNK,UNK,43.0,,62.0,38.0,0.0,0.0,2.67,,25.0,,,,414.0,41.40000000000001,1.63,0.163,0.1,2.0,725.0,,24.85,,3.1475,,550.0,2.740362689494244
SNL/MSU/DOE,MD-BB-UP2[±45/(90)2/+45]S,45/-45/90/90/45/45/90/90/-45/45,PE,UNK,UNK,43.0,,0.0,38.0,62.0,0.0,2.67,,25.0,,,,193.0,19.3,0.84,0.084,0.1,15.0,105.3333333333333,-268.0,11.3,11.96666666666667,1.431666666666667,,707401.0,5.849665669408864
SNL/MSU/DOE,MD-CC-UP2[±45/(0)2/+45]S,45/-45/0/0/45/45/0/0/-45/45,PE,UNK,UNK,40.0,,55.0,45.0,0.0,0.0,2.44,,25.0,,,,345.0,34.5,1.63,0.163,0.1,2.0,560.6,-458.5,20.9,,2.74,,174.0,2.2405492482826
SNL/MSU/DOE,MD-CC2-UP2[±45/(0)3/+45]S,45/-45/0/0/0/45/45/0/0/0/-45/45,PE,UNK,UNK,46.0,,63.0,37.0,0.0,0.0,2.69,,25.0,,,,414.0,41.40000000000001,1.62,0.162,0.1,5.0,715.0,-527.0,26.96666666666667,,2.816666666666666,,4104.0,3.61320735210376
SNL/MSU/DOE,MD-CC3-UP2[0/±45/(0)2/+45]S,0/45/-45/0/0/45/45/0/0/-45/45/0,PE,UNK,UNK,44.0,,63.0,37.0,0.0,0.0,2.74,,25.0,,,,414.0,41.40000000000001,,,0.1,5.0,682.3333333333334,-540.6666666666666,26.26666666666667,,2.593333333333333,,1324.0,3.121887985103681
SNL/MSU/DOE,MD-CYC[(±45)2/(0)10]S,45/-45/45/-45/0/0/0/0/0/0/0/0/0/0/0/0/0/0/0/0/0/0/0/0/-45/45/-45/45,TP,UNK,UNK,65.0,,83.0,17.0,0.0,0.0,3.54,,25.0,,,,-55.2,-552.0,,,10.0,1.0,1189.833333333333,-667.75,102.7,,1.17,,2196.0,3.341632335778054
SNL/MSU/DOE,MD-DD-UP2[0/±45/(0)3/±45/0],0/45/-45/0/0/0/45/-45/0,PE,UNK,UNK,51.0,,76.0,24.0,0.0,0.0,2.67,,22.0,,,,552.0,55.2,1.76,0.176,0.1,2.0,910.0,-788.0,30.5,,3.003333333333333,,1065.0,3.027349607774756
SNL/MSU/DOE,MD-DD10-UP2[0/±45/0]S,0/45/-45/0/0/-45/45/0,PE,UNK,UNK,62.0,,72.0,28.0,0.0,0.0,1.73,,22.0,,,,483.0,48.3,1.12,0.112,0.1,4.0,956.0,-552.0,41.5,,2.31,,3132.0,3.495821753385906
SNL/MSU/DOE,MD-DD11-UP2[0/±45/0]S,0/45/-45/0/0/-45/45/0,PE,UNK,UNK,30.0,,68.0,32.0,0.0,0.0,3.19,,22.0,,,,276.0,27.6,1.28,0.128,0.1,5.0,591.3333333333334,-318.3333333333333,19.4,,3.0,,328394.0,5.516395213640169
SNL/MSU/DOE,MD-DD11-UP2[90/±45/90]S,90/45/-45/90/90/-45/45/90,PE,UNK,UNK,30.0,,0.0,32.0,68.0,0.0,3.19,,25.0,,,,35.0,3.5,1.47,0.147,0.1,1.0,39.66666666666666,,7.796666666666667,,0.5566666666666666,,21.0,1.322219294733919
SNL/MSU/DOE,MD-DD11E3-EP3[0/±45/0]S,0/45/-45/0/0/-45/45/0,EP,UNK,UNK,32.0,,68.0,32.0,0.0,0.0,3.07,,25.0,,,,-17.2,-172.0,,,10.0,2.0,624.3333333333334,-264.5,20.36666666666666,,3.066666666666666,,3171.0,3.501196242027089
SNL/MSU/DOE,MD-DD12-UP2[0/±45/0]S,0/45/-45/0/0/-45/45/0,PE,UNK,UNK,41.0,,68.0,32.0,0.0,0.0,2.4,,22.0,,,,414.0,41.40000000000001,1.53,0.153,0.1,2.0,210.5,,26.46666666666667,,2.726666666666667,,4967.0,3.696094159995223
SNL/MSU/DOE,MD-DD13-UP2[0/±45/0]S,0/45/-45/0/0/-45/45/0,PE,UNK,UNK,46.0,,68.0,32.0,0.0,0.0,2.13,,22.0,,,,414.0,41.40000000000001,1.6,0.16,0.1,4.0,821.0,-314.0,30.96666666666667,,2.693333333333333,,5769.0,3.761100538958142
SNL/MSU/DOE,MD-DD14-UP2[0/±45/0]S,0/45/-45/0/0/-45/45/0,PE,UNK,UNK,43.0,,72.0,28.0,0.0,0.0,2.71,,22.0,,,,345.0,34.5,1.48,0.148,0.1,2.0,728.3333333333334,-428.0,24.83333333333333,,3.0,,5851.0,3.767230098110718
SNL/MSU/DOE,MD-DD17A-UP2[0/±45/0]S,0/45/-45/0/0/-45/45/0,PE,UNK,UNK,39.5,,68.0,32.0,0.0,0.0,,,25.0,,,,414.0,41.40000000000001,1.87,0.187,0.1,2.0,646.0,-265.0,23.33333333333333,,3.0,,870.0,2.939519252618619
SNL/MSU/DOE,MD-DD18-UP2[0/±45/0]S,0/45/-45/0/0/-45/45/0,PE,UNK,UNK,37.0,,72.0,28.0,0.0,0.0,3.35,,25.0,,,,241.0,24.1,1.12,0.112,0.1,10.0,729.6666666666666,-508.3333333333333,22.1,,3.333333333333333,,268555.0,5.429033242551008
SNL/MSU/DOE,MD-DD18A-UP2[0/±45/0]S,0/45/-45/0/0/-45/45/0,PE,UNK,UNK,39.5,,72.0,28.0,0.0,0.0,2.78,,25.0,,,,414.0,41.40000000000001,2.13,0.213,0.1,2.0,699.6666666666666,-325.3333333333333,23.23333333333333,,3.11,,913.0,2.960470777534299
SNL/MSU/DOE,MD-DD19-UP2[0/±45/0]S,0/45/-45/0/0/-45/45/0,PE,UNK,UNK,40.5,,72.0,28.0,0.0,0.0,3.39,,25.0,,,,414.0,41.40000000000001,2.17,0.217,0.1,2.0,709.6666666666666,-374.6666666666667,21.7,,3.299999999999999,,2235.0,3.349277527467955
SNL/MSU/DOE,MD-DD19A-UP2[0/±45/0]S,0/45/-45/0/0/-45/45/0,PE,UNK,UNK,42.5,,68.0,32.0,0.0,0.0,2.78,,25.0,,,,207.0,20.7,0.88,0.088,0.1,7.0,651.3333333333334,-293.0,22.56666666666667,,3.066666666666666,,31090.0,4.492620722043192
SNL/MSU/DOE,MD-DD19A-UP2[90/±45/90]S,90/45/-45/90/90/-45/45/90,PE,UNK,UNK,42.5,,0.0,32.0,68.0,0.0,2.78,,25.0,,,,38.0,3.8,0.37,0.037,0.1,2.0,68.33333333333333,,10.14666666666667,,0.6966666666666667,,13061.0,4.115976429454817
SNL/MSU/DOE,MD-DD19B-UP2[0/±45/0]S,0/45/-45/0/0/-45/45/0,PE,UNK,UNK,39.5,,68.0,32.0,0.0,0.0,2.78,,25.0,,,,276.0,27.6,1.09,0.109,0.1,4.0,693.6666666666666,,25.06666666666667,,2.943333333333333,,27705.0,4.442558154495923
SNL/MSU/DOE,MD-DD2-UP2[0/±45/0]S,0/45/-45/0/0/-45/45/0,PE,UNK,UNK,44.0,,72.0,28.0,0.0,0.0,2.64,,25.0,,,,414.0,41.40000000000001,1.52,0.152,0.1,5.0,751.6666666666666,-580.6666666666666,28.1,,2.71,,9691.0,3.986368593570273
SNL/MSU/DOE,MD-DD20-UP2[(0)2/±45/0]S,0/0/45/-45/0/0/-45/45/0/0,PE,UNK,UNK,34.0,,73.0,27.0,0.0,0.0,2.89,,22.0,,,,310.0,31.0,1.55,0.155,0.1,2.0,586.6666666666666,-313.0,22.96666666666667,,2.733333333333333,,8408.0,3.924692703020186
SNL/MSU/DOE,MD-DD20A-UP2[(0)2/±45/0]S,0/0/45/-45/0/0/-45/45/0/0,PE,UNK,UNK,38.0,,73.0,27.0,0.0,0.0,2.66,,22.0,,,,310.0,31.0,1.35,0.135,0.1,3.0,639.0,,24.83333333333333,,2.696666666666667,,5006.0,3.699490845272205
SNL/MSU/DOE,MD-DD22-UP2[(0)2/±45/0]S,0/0/45/-45/0/0/-45/45/0/0,PE,UNK,UNK,31.0,,70.0,30.0,0.0,0.0,2.86,,22.0,,,,207.0,20.7,1.06,0.106,0.1,5.0,549.3333333333334,-389.0,20.53333333333333,,2.766666666666666,,1873215.0,6.27258762679056
SNL/MSU/DOE,MD-DD24-UP2[0/±45/(0)3/±45/0],0/45/-45/0/0/0/45/-45/0,PE,UNK,UNK,39.0,,70.0,30.0,0.0,0.0,2.59,,22.0,,,,345.0,34.5,1.52,,0.1,8.0,729.6666666666666,-510.5,26.35,,2.933333333333334,,40767.0,4.610308753360829
SNL/MSU/DOE,MD-DD25-UP2[0/±45/0]S,0/45/-45/0/0/-45/45/0,PE,UNK,UNK,46.0,,76.0,24.0,0.0,0.0,2.89,,22.0,,,,345.0,34.5,1.42,0.142,0.1,7.0,743.0,-483.0,27.86666666666666,,2.933333333333334,,1621.0,3.209783014848515
SNL/MSU/DOE,MD-DD25A-UP2[0/±45/0]S,0/45/-45/0/0/-45/45/0,PE,UNK,UNK,49.0,,76.0,24.0,0.0,0.0,2.89,,22.0,,,,207.0,20.7,0.74,0.074,0.1,10.0,782.6666666666666,-628.5,27.9,,2.9,,1015979.0,6.006884731295957
SNL/MSU/DOE,MD-DD25B-UP2[0/±45/0]S,0/45/-45/0/0/-45/45/0,PE,UNK,UNK,31.0,,76.0,24.0,0.0,0.0,4.27,,22.0,,,,241.0,24.1,,,0.1,5.0,514.0,-418.75,18.96666666666667,,2.799999999999999,,118550.0,5.073901558314207
SNL/MSU/DOE,MD-DD25D-UP2[0/±45/0]S,0/45/-45/0/0/-45/45/0,PE,UNK,UNK,40.0,,76.0,24.0,0.0,0.0,,,25.0,,,,179.0,17.9,1.17,0.117,0.1,5.0,478.0,,25.5,,2.2,,110424.0,5.043063474976402
SNL/MSU/DOE,MD-DD26-UP2[0/±45/0]S,0/45/-45/0/0/-45/45/0,PE,UNK,UNK,47.0,,76.0,24.0,0.0,0.0,2.61,,22.0,,,,414.0,41.40000000000001,1.45,0.145,0.1,4.0,853.0,-567.25,30.66666666666667,,2.833333333333333,,10628.0,4.02645154573824
SNL/MSU/DOE,MD-DD2A-UP2[0/±45/0]S,0/45/-45/0/0/-45/45/0,PE,UNK,UNK,45.0,,72.0,28.0,0.0,0.0,2.61,,22.0,,,,345.0,34.5,1.29,0.129,0.1,5.0,985.6666666666666,,29.26666666666667,,3.366666666666667,,124809.0,5.096245903530757
SNL/MSU/DOE,MD-DD4-UP2[0/±45/0]S,0/45/-45/0/0/-45/45/0,PE,UNK,UNK,48.0,,72.0,28.0,0.0,0.0,2.36,,22.0,,,,276.0,27.6,1.0,0.1,0.1,15.0,93.44444444444444,,29.43333333333333,,3.066666666666666,,106008.0,5.025338640969998
SNL/MSU/DOE,MD-DD5-UP2[0/±45/0]S,0/45/-45/0/0/-45/45/0,PE,UNK,UNK,37.0,,72.0,28.0,0.0,0.0,2.97,,22.0,,,,483.0,48.3,2.0,0.2,0.1,2.0,724.0,-660.75,24.7,,3.0,-2.625,2386.0,3.377670439334323
SNL/MSU/DOE,MD-DD5CYC-T[0/±45/0]S,0/45/-45/0/0/-45/45/0,,UNK,UNK,36.0,,72.0,28.0,0.0,0.0,3.19,,10.0,,,,414.0,41.40000000000001,1.74,0.174,0.1,2.0,835.5,-473.5,22.9,,0.7624999999999997,,1984.0,3.29754166781816
SNL/MSU/DOE,MD-DD5E-Epon9410[0/±45/0]S,0/45/-45/0/0/-45/45/0,EP,UNK,UNK,36.0,,72.0,28.0,0.0,0.0,3.1,,25.0,,,,-34.5,-345.0,-0.146,-1.46,10.0,10.0,372.8333333333333,-520.6666666666666,15.55166666666666,26.56666666666667,1.911666666666666,-2.2,334460.0,5.524344185428116
SNL/MSU/DOE,MD-DD5E3-EP3[0/±45/0]S,0/45/-45/0/0/-45/45/0,EP,UNK,UNK,36.0,,72.0,28.0,0.0,0.0,3.14,,25.0,,,,-34.5,-345.0,,,10.0,4.0,776.0,-583.25,23.83333333333333,,3.253333333333333,,238243.0,5.37702014915912
SNL/MSU/DOE,MD-DD5E4-Jeffco1401[0/±45/0]S,0/45/-45/0/0/-45/45/0,EP,UNK,UNK,35.0,,72.0,28.0,0.0,0.0,3.2,,25.0,,,,-37.9,-379.0,,,10.0,3.0,756.6666666666666,-561.1304347826087,23.83333333333333,23.8,,,86481.0,4.936920702822809
SNL/MSU/DOE,MD-DD5P-UP2[0/±45/0]S,0/45/-45/0/0/-45/45/0,PE,UNK,UNK,37.0,,72.0,28.0,0.0,0.0,3.02,,25.0,,,,-41.4,-414.0,,,10.0,2.0,752.734693877551,-613.4225352112676,23.53333333333333,25.5,2.826666666666666,,5041.0,3.70251669743815
SNL/MSU/DOE,MD-DD5P-UP2[90/±45/90]S,90/45/-45/90/90/-45/45/90,PE,UNK,UNK,37.0,,0.0,28.0,72.0,0.0,3.02,,25.0,,,,24.0,2.4,0.29,0.029,0.1,10.0,60.16666666666666,-155.1666666666667,9.006666666666668,,0.9650000000000002,,3846149.0,6.58502610481779
SNL/MSU/DOE,MD-DD5V-VE1[0/±45/0]S,0/45/-45/0/0/-45/45/0,VE,UNK,UNK,37.0,,72.0,28.0,0.0,0.0,3.05,,22.0,,,,483.0,48.3,2.3,0.23,0.1,2.0,674.6666666666666,-530.0,22.53333333333333,,3.163333333333334,,283.0,2.45178643552429
SNL/MSU/DOE,MD-DD5V2-VE2[0/±45/0]S,0/45/-45/0/0/-45/45/0,VE,UNK,UNK,37.0,,72.0,28.0,0.0,0.0,3.05,,22.0,,,,276.0,27.6,,,0.1,10.0,712.9047619047619,-541.8787878787879,22.43333333333334,,3.333333333333333,,3326186.0,6.521946531268052
SNL/MSU/DOE,MD-DD5V3-Dion9800[0/±45/0]S,0/45/-45/0/0/-45/45/0,VE,UNK,UNK,37.0,,72.0,28.0,0.0,0.0,3.08,,25.0,,,,-37.9,-379.0,,,10.0,4.0,796.3333333333334,-601.0,24.93333333333333,,3.033333333333333,,1897586.0,6.278201467560447
SNL/MSU/DOE,MD-DD6-UP2[0/±45/0]S,0/45/-45/0/0/-45/45/0,PE,UNK,UNK,32.0,,72.0,28.0,0.0,0.0,3.53,,22.0,,,,414.0,41.40000000000001,1.85,0.185,0.1,5.0,604.6666666666666,-468.1111111111111,22.43333333333333,,2.7,,928.0,2.967547976218862
SNL/MSU/DOE,MD-DD7-UP2[0/±45/0]S,0/45/-45/0/0/-45/45/0,PE,UNK,UNK,54.0,,72.0,28.0,0.0,0.0,2.11,,22.0,,,,483.0,48.3,1.48,0.148,0.1,2.0,831.5,-581.3333333333334,32.475,,2.7,,978.0,2.990338854787602
SNL/MSU/DOE,MD-DD8-UP2[0/±45/0]S,0/45/-45/0/0/-45/45/0,PE,UNK,UNK,44.0,,72.0,28.0,0.0,0.0,2.67,,22.0,,,,483.0,48.3,,,0.1,4.0,778.25,-581.5,29.375,,2.37,,12460.0,4.095518042323151
SNL/MSU/DOE,MD-EEAP[M/±45/0)S],0/45/-45/0/0/-45/45/0,PE,UNK,UNK,49.0,,70.0,19.0,0.0,11.0,3.64,,20.0,,,,345.0,34.5,1.15,0.115,0.1,2.0,511.6666666666667,-729.0,29.16666666666667,,2.033333333333333,,1958.0,3.291812687467119
SNL/MSU/DOE,MD-EEAV[M/±45/0)S],0/45/-45/0/0/-45/45/0,VE,UNK,UNK,48.0,,71.0,18.0,0.0,11.0,3.36,,20.0,,,,345.0,34.5,1.3,0.13,0.1,2.0,582.3333333333334,-645.6666666666666,27.3,,2.37,,1836.0,3.263872676865224
SNL/MSU/DOE,MD-EEBP[M/±45/0)S],0/45/-45/0/0/-45/45/0,VE,UNK,UNK,43.0,,57.0,26.0,0.0,17.0,2.9,,20.0,,,,276.0,27.6,1.21,0.121,0.1,5.0,515.0,-417.0,27.6,,2.2,,8392.0,3.923865475185501
SNL/MSU/DOE,MD-EECP[M/±45/0)S],0/45/-45/0/0/-45/45/0,VE,UNK,UNK,49.0,,65.0,20.0,0.0,15.0,2.48,,20.0,,,,345.0,34.5,1.35,0.135,0.1,2.0,525.6666666666666,-419.0,28.36666666666666,,2.233333333333333,,257.0,2.409933123331295
SNL/MSU/DOE,MD-EE[M/±45/0)S],0/45/-45/0/0/-45/45/0,EP,UNK,UNK,54.0,,65.0,18.0,0.0,17.0,3.53,,20.0,,,,345.0,34.5,1.14,0.114,0.1,2.0,534.75,-538.3333333333334,31.33333333333333,,1.923333333333334,,570.0,2.755874855672491
SNL/MSU/DOE,MD-ELT5500-EP4[±45/0/±45/0/±45],45/-45/0/45/-45/0/45/-45,EP,UNK,UNK,55.0,,66.0,68.0,0.0,30.0,4.59,,,,,,690.0,69.0,2.82,,0.1,1.0,784.5,-552.125,29.6,,3.195,-1.88,70.0,1.845098040014257
SNL/MSU/DOE,MD-ELT5500-VE3[±45/0/±45/0/±45],45/-45/0/45/-45/0/45/-45,VE,UNK,UNK,55.0,,66.0,68.0,0.0,30.0,4.59,,,,,,552.0,55.2,2.15,,0.1,1.0,714.375,-670.0,31.61428571428572,,2.47875,-2.085,228.0,2.357934847000454
SNL/MSU/DOE,MD-FFA-UP2[±45/0/0/±45]S,45/-45/0/0/45/-45/-45/45/0/0/-45/45,PE,UNK,UNK,36.0,,56.0,44.0,0.0,0.0,3.78,,25.0,,,,414.0,41.40000000000001,1.98,0.198,0.1,2.0,716.0,-553.0,24.23333333333333,,2.966666666666667,,1832.0,3.262925469331832
SNL/MSU/DOE,MD-FFB-UP2[0/±45/0/±45/0]S,0/45/-45/0/45/-45/0/0/-45/45/0/-45/45/0,PE,UNK,UNK,36.0,,56.0,44.0,0.0,0.0,3.81,,25.0,,,,414.0,41.40000000000001,1.97,0.197,0.1,2.0,624.5,-506.3333333333333,24.13333333333334,,2.9,,803.0,2.904715545278681
SNL/MSU/DOE,MD-FFC-UP2[0/±45/±45/0]S,0/45/-45/45/-45/0/0/-45/45/-45/45/0,PE,UNK,UNK,36.0,,56.0,44.0,0.0,0.0,3.81,,25.0,,,,414.0,41.40000000000001,2.0,0.2,0.1,1.0,624.0,-499.3333333333333,23.6,,2.9,,508.0,2.705863712283919
SNL/MSU/DOE,MD-FFD-UP2[0/0/±45/±45]S,0/0/45/-45/45/-45/-45/45/-45/45/0/0,PE,UNK,UNK,36.0,,56.0,44.0,0.0,0.0,3.83,,25.0,,,,414.0,41.40000000000001,2.18,0.218,0.1,2.0,636.0,-542.0,24.0,,2.9,,533.0,2.726727209026572
SNL/MSU/DOE,MD-FFF-UP2[±45/±45/0/0]S,45/-45/45/-45/0/0/0/0/-45/45/-45/45,PE,UNK,UNK,37.0,,56.0,44.0,0.0,0.0,3.77,,6.0,,,,414.0,41.40000000000001,,,0.1,1.0,663.6666666666666,-595.6666666666666,23.9,,2.9,,683.0,2.834420703681533
SNL/MSU/DOE,MD-GG-UP2[(0)2/±45/(0)2],0/0/45/-45/0/0,PE,UNK,UNK,40.0,,84.0,16.0,0.0,0.0,2.46,,22.0,,,,483.0,48.3,2.0,0.2,0.1,2.0,972.75,-628.0,27.86666666666666,,3.379999999999999,,16881.0,4.227398169873656
SNL/MSU/DOE,MD-GGP2-prepreg[0/±45/0],0/45/-45/0,EP,UNK,UNK,51.0,,80.0,20.0,0.0,0.0,2.41,,25.0,,,,446.0,44.6,1.23,0.123,0.1,3.0,1002.0,-729.0,33.96666666666667,,2.966666666666667,,3615001.0,6.55810842176732
SNL/MSU/DOE,MD-GGP4-prepreg[0/±45/0],0/45/-45/0,EP,UNK,UNK,53.0,,80.0,20.0,0.0,0.0,1.85,,20.0,,,,414.0,41.40000000000001,1.76,0.176,0.1,2.0,777.75,-277.5,28.125,,2.925,,27222.0,4.43492002964966
SNL/MSU/DOE,MD-Hybrid CG-VE[(0)2/(0)2C/0/(0)2C/(0)2],0/0/0/0/0/0/0/0/0,VE,UNK,UNK,56.0,,100.0,0.0,0.0,0.0,2.66,,25.0,,,,414.0,41.40000000000001,0.59,0.059,0.1,12.0,920.0,-474.75,67.16666666666667,,1.373333333333333,,1368362.0,6.136201005136336
SNL/MSU/DOE,MD-Hybrid CGB-prepreg[(0)2C/±45/(0)2C),0/0/45/-45/0/0,EP,UNK,UNK,50.0,,77.0,23.0,0.0,0.0,2.69,,25.0,,,,-48.3,-483.0,,,10.0,4.0,1578.25,-612.25,98.125,,1.4625,,8867.0,3.947776708464738
SNL/MSU/DOE,MD-Hybrid CGB3-prepreg[(±45G)/(0)3C/(±45G)],45/-45/0/0/0/45/-45,EP,UNK,UNK,50.0,,55.0,45.0,0.0,0.0,2.6,,25.0,,,,-51.7,-517.0,,,10.0,1.0,1282.5,-592.125,68.85000000000001,,1.838333333333334,,2445.0,3.388278863459639
SNL/MSU/DOE,MD-Hybrid CGD4-VE2[(±45G)/(0)3C/(±45G)],45/-45/0/0/0/45/-45,VE,UNK,UNK,51.0,,77.0,23.0,0.0,0.0,2.54,,25.0,,,,-41.4,-414.0,,,10.0,3.0,1095.5,-560.25,82.17500000000001,,1.375,,47832.0,4.679718540412094
SNL/MSU/DOE,MD-Hybrid CGD4E-EP3[(±45G)/(0)3C/(±45G)],45/-45/0/0/0/45/-45,EP,UNK,UNK,50.0,,77.0,23.0,0.0,0.0,2.61,,25.0,,,,-55.2,-552.0,,,10.0,1.0,1159.0,-683.6,84.7,,0.02,,669.0,2.825426117767823
SNL/MSU/DOE,MD-Hybrid DD23-VE[(0)2/±45/0/0C]S,0/0/45/-45/0/0/0/0/-45/45/0/0,VE,UNK,UNK,45.0,,82.0,18.0,0.0,0.0,3.65,,25.0,,,,276.0,27.6,0.96,0.096,0.1,10.0,647.4,-493.5,27.4,,,,1681606.0,6.225724248257337
SNL/MSU/DOE,MD-Hybrid JJ-VE2[(±45)/(0)3C/±45)],45/-45/0/0/0/45/-45,VE,UNK,UNK,46.0,,46.0,54.0,0.0,0.0,3.19,,20.0,,,,690.0,69.0,1.04,0.104,0.1,1.0,883.75,-410.5,55.75,64.1,1.525,,214.0,2.330413773349191
SNL/MSU/DOE,MD-L1200-EP5-D(±45/(0)2)S,45/-45/0/0/0/0/-45/45,EP,UNK,UNK,57.0,,71.0,26.0,3.0,0.0,4.29,,,,,,414.0,41.40000000000001,1.21,,0.1,2.0,890.6666666666666,-757.2,36.43333333333334,36.5,2.81,-2.216,78304.0,4.893783947671695
SNL/MSU/DOE,MD-L1400BTW-EP5-D(±45/(0)2)S,45/-45/0/0/0/0/-45/45,EP,UNK,UNK,59.0,,74.0,26.0,0.0,0.0,4.68,,,,,,414.0,41.40000000000001,1.27,,0.1,2.0,945.6666666666666,-697.0,38.33333333333334,38.3,3.133333333333333,-2.002,88762.0,4.948227079264997
SNL/MSU/DOE,MD-L1400T-EP5-D(±45/(0)2)S,45/-45/0/0/0/0/-45/45,EP,UNK,UNK,54.0,,74.0,26.0,0.0,0.0,4.73,,,,,,414.0,41.40000000000001,1.2,,0.1,2.0,770.0,-655.6,36.76666666666667,37.3,2.766666666666667,-1.776,87467.0,4.941844231066485
SNL/MSU/DOE,MD-L1400TCS-EP5-D(±45/(0)2)S,45/-45/0/0/0/0/-45/45,EP,UNK,UNK,54.0,,79.0,21.0,0.0,0.0,4.87,,,,,,414.0,41.40000000000001,1.29,,0.1,2.0,759.6666666666666,-683.0,37.43333333333334,36.8,2.700000000000001,-1.864,38654.0,4.587194442317501
SNL/MSU/DOE,MD-L1400TCU-EP5-D(±45/(0)2)S,45/-45/0/0/0/0/-45/45,EP,UNK,UNK,59.0,,74.0,26.0,0.0,0.0,4.71,,,,,,414.0,41.40000000000001,1.21,,0.1,2.0,779.3333333333334,-686.6,40.86666666666667,37.0,2.833333333333333,-1.914,54413.0,4.735702670907348
SNL/MSU/DOE,MD-L1400Thru-EP5-D(±45/(0)2)S,45/-45/0/0/0/0/-45/45,EP,UNK,UNK,60.0,,75.0,22.0,2.0,0.0,4.65,,,,,,414.0,41.40000000000001,1.15,,0.1,3.0,896.0,-740.2,40.00000000000001,38.5,2.799999999999999,-1.94,96044.0,4.982470239075041
SNL/MSU/DOE,MD-L2400-EP5-D(±45/(0)2)S,45/-45/0/0/0/0/-45/45,EP,UNK,UNK,61.0,,73.0,26.0,1.0,0.0,4.07,,,,,,414.0,41.40000000000001,1.2,,0.1,2.0,919.6666666666666,-660.0,36.03333333333333,34.3,2.87,-2.114,36639.0,4.563943611818725
SNL/MSU/DOE,MD-LT1200-EP5-D(±45/(0)2)S,45/-45/0/0/0/0/-45/45,EP,UNK,UNK,58.0,,72.0,28.0,0.0,0.0,4.24,,,,,,414.0,41.40000000000001,1.3,0.13,0.1,2.0,817.6666666666666,-600.6666666666666,35.23333333333333,37.0,2.766666666666667,-1.806,23503.0,4.371123300581949
SNL/MSU/DOE,MD-LT1200G50-EP5-D(±45/(0)2)S,45/-45/0/0/0/0/-45/45,EP,UNK,UNK,59.0,,69.0,31.0,0.0,0.0,4.45,,,,,,414.0,41.40000000000001,1.38,,0.1,2.0,808.6666666666666,-647.4,37.5,35.8,2.8,-1.89,31638.0,4.500209021715108
SNL/MSU/DOE,MD-P2B[±45/(0)4C]S,45/-45/0/0/0/0/0/0/0/0/-45/45,EP,UNK,UNK,55.0,,85.0,15.0,0.0,0.0,2.82,,,,,,1103.0,110.3,1.1,,0.1,1.0,1545.904761904762,-1046.947368421053,100.8,,1.431904761904762,-1.026315789473684,449693.0,5.652916127316587
SNL/MSU/DOE,MD-P2B[±45/(90)4C]S,45/-45/90/90/90/90/90/90/90/90/-45/45,EP,UNK,UNK,55.0,,0.0,15.0,85.0,0.0,2.82,,,,,,41.0,4.100000000000001,0.45,,0.1,3.0,79.44444444444444,-240.1111111111111,8.852,,1.074444444444444,-2.43,87777.0,4.943380733655114
SNL/MSU/DOE,MD-P2C[(±45)/(0)4]S,45/-45/0/0/0/0/0/0/0/0/-45/45,EP,UNK,UNK,43.0,,81.0,19.0,0.0,0.0,2.75,,,,,,482.0,48.2,1.79,,0.1,2.0,781.2,,26.93333333333333,,2.866,,51149.0,4.708837147359474
SNL/MSU/DOE,MD-PPG1200-EP1[(±45)2/(0)2]S,45/-45/45/-45/0/0/0/0/-45/45/-45/45,EP,UNK,UNK,58.0,,56.0,39.0,2.0,0.0,5.56,,,,,,414.0,41.40000000000001,1.59,,0.1,1.0,736.0,,32.13333333333333,,3.016666666666667,,8215.0,3.914607567771081
SNL/MSU/DOE,MD-PPG1200-UP5[(±45)2/(0)2]S,45/-45/45/-45/0/0/0/0/-45/45/-45/45,PE,UNK,UNK,58.0,,56.0,39.0,2.0,0.0,5.55,,,,,,517.0,51.7,,,0.1,1.0,701.1666666666666,,32.3,,2.65,,174.0,2.2405492482826
SNL/MSU/DOE,MD-PPG1200-VE4[(±45)2/(0)2]S,45/-45/45/-45/0/0/0/0/-45/45/-45/45,VE,UNK,UNK,58.0,,56.0,39.0,2.0,0.0,5.53,,,,,,517.0,51.7,1.82,,0.1,1.0,689.0,,30.41666666666667,,3.083333333333333,,464.0,2.666517980554881
SNL/MSU/DOE,MD-PPG1200-VE5[(±45)2/(0)2]S,45/-45/45/-45/0/0/0/0/-45/45/-45/45,VE,UNK,UNK,59.0,,56.0,39.0,2.0,0.0,5.45,,,,,,552.0,55.2,,,0.1,1.0,705.8333333333334,,32.06666666666667,,2.496666666666667,,343.0,2.53529412004277
SNL/MSU/DOE,MD-PPG1200-VE6[(±45)2/(0)2]S,45/-45/45/-45/0/0/0/0/-45/45/-45/45,VE,UNK,UNK,60.0,,56.0,39.0,2.0,0.0,5.36,,,,,,517.0,51.7,1.8,,0.1,1.0,746.0,,33.88333333333333,,2.833333333333333,,317.0,2.501059262217752
SNL/MSU/DOE,MD-P[(0/±45)/M/0/M/(±45/0)],0/45/-45/0/0/0/45/-45/0,VE,UNK,UNK,40.0,,69.0,10.0,0.0,10.0,3.78,,50.0,,,,103.0,10.3,0.44,0.044,0.1,15.0,667.3333333333334,-383.1428571428572,27.9,,2.74,,2808490.0,6.448472881851987
SNL/MSU/DOE,MD-QQ1-EP2-S[(±45)/(0)2]S,45/-45/0/0/0/0/-45/45,EP,UNK,UNK,52.0,,57.0,26.0,16.0,1.0,4.09,,,,,,448.0,44.8,1.33,,0.1,2.0,868.8888888888889,-689.7,32.96666666666667,,2.627777777777778,-2.074,1109.0,3.04493154614916
SNL/MSU/DOE,MD-QQ1-EP2-S[(±45)/(90)2]S,45/-45/90/90/90/90/-45/45,EP,UNK,UNK,52.0,,16.0,26.0,57.0,1.0,4.09,,,,,,96.5,9.65,0.56,,0.1,1.0,148.2352941176471,-274.0,17.5,,0.8505882352941176,-1.585555555555556,62.0,1.792391689498254
SNL/MSU/DOE,MD-QQ2-EP2-S[(±45)/0/(±45)]S,45/-45/0/45/-45/-45/45/0/-45/45,EP,UNK,UNK,52.0,,64.0,35.0,0.0,1.0,3.96,,,,,,172.0,17.2,0.82,,0.1,4.0,552.0,,22.5,,2.41,,204625.0,5.310958692419998
SNL/MSU/DOE,MD-QQ4-EP2-S[(±45)/0/(+45)]S,45/-45/0/45/45/0/-45/45,EP,UNK,UNK,57.0,,56.0,43.0,0.0,1.0,4.03,,,,,,241.0,24.1,0.86,,0.1,3.0,986.0,-601.0,31.9,,3.1,-1.966666666666667,147136.0,5.167718945253166
SNL/MSU/DOE,MD-QQ4M-EP3-S[(±45)/0/(+45)]S,45/-45/0/45/45/0/-45/45,EP,UNK,UNK,46.0,,56.0,43.0,0.0,1.0,4.85,,,,,,207.0,20.7,0.89,0.089,0.1,4.0,790.5,,25.75,,3.085,,276206.0,5.441233108488047
SNL/MSU/DOE,MD-SLA-UP3-V(±45/0/±45/0/±45),45/-45/0/45/-45/0/45/-45,PE,UNK,UNK,54.0,,56.0,40.0,4.0,0.0,4.27,,,,,,414.0,41.40000000000001,1.61,,0.1,1.0,770.3333333333334,,29.8,,2.57,,412.0,2.614897216033135
SNL/MSU/DOE,MD-SLB-UP3-V(±45/0/±45/0/±45),45/-45/0/45/-45/0/45/-45,PE,UNK,UNK,43.0,,40.0,41.0,0.0,19.0,2.69,,,,,,276.0,27.6,1.22,,0.1,1.0,588.0,,22.65,,2.59,,2114.0,3.325104982971407
SNL/MSU/DOE,MD-SLC-UP3-V(±45/0/±45/0/±45),45/-45/0/45/-45/0/45/-45,PE,UNK,UNK,51.0,,50.0,38.0,0.0,13.0,3.67,,,,,,345.0,34.5,1.35,,0.1,1.0,626.6666666666666,,26.75,,2.536666666666667,,1386.0,3.141763230275788
SNL/MSU/DOE,MD-TLT1200-EP5-D(±45/(0)2)S,45/-45/0/0/0/0/-45/45,EP,UNK,UNK,60.0,,69.0,27.0,4.0,0.0,3.88,,,,,,414.0,41.40000000000001,1.24,,0.1,2.0,857.3333333333334,-613.2,37.35,34.6,2.48,-1.93,49728.0,4.696600992784801
SNL/MSU/DOE,MD-TT-EP1-V(±45/0/±45/0/±45),45/-45/0/45/-45/0/45/-45,EP,UNK,UNK,55.0,,61.0,31.0,4.0,4.0,4.7,,,,,,345.0,34.5,1.43,,0.1,2.0,812.0,,26.66666666666667,,,,11980.0,4.078456818053293
SNL/MSU/DOE,MD-TT-EP3-V(±45/0/±45/0/±45),45/-45/0/45/-45/0/45/-45,EP,UNK,UNK,55.0,,61.0,31.0,4.0,4.0,4.7,,,,,,414.0,41.40000000000001,1.43,,0.1,3.0,857.6666666666666,,28.96666666666667,,2.933333333333334,,13119.0,4.11790073206452
SNL/MSU/DOE,MD-TT1A-EP1-V(±45/0/±45/0/±45),45/-45/0/45/-45/0/45/-45,EP,UNK,UNK,54.0,,57.0,40.0,3.0,0.0,4.34,,,,,,207.0,20.7,0.73,,0.1,4.0,849.9230769230769,-670.0,26.56923076923077,,3.267692307692307,,713677.0,5.853501700772568
SNL/MSU/DOE,MD-TT2-EP1-V(±45/0/0/0/±45),45/-45/0/0/0/45/-45,EP,UNK,UNK,51.0,,61.0,31.0,4.0,4.0,6.77,,,,,,414.0,41.40000000000001,1.81,,0.1,1.5,812.0,,28.5,,3.233333333333333,,5370.0,3.729974285699555
SNL/MSU/DOE,MD-TT5-EP1-P((±45)2/(0)2)S,45/-45/45/-45/0/0/0/0/-45/45/-45/45,EP,UNK,UNK,57.0,,56.0,39.0,2.0,3.0,5.64,,,,,,414.0,41.40000000000001,1.57,,0.1,2.0,773.0,,30.225,,3.39,,9838.0,3.992906818223313
SNL/MSU/DOE,MD-TT7-EP1-V(±45/0/±45/0/±45),45/-45/0/45/-45/0/45/-45,EP,UNK,UNK,48.0,,47.0,34.0,4.0,15.0,4.2,,,,,,345.0,34.5,1.67,,0.1,1.5,602.1666666666666,,25.13333333333334,,2.966666666666667,,7605.0,3.881099218389017
SNL/MSU/DOE,MD-WS1-EP5(±45/0/±45),45/-45/0/45/-45,EP,UNK,UNK,61.0,,49.0,51.0,0.0,0.0,2.56,,,,,,276.0,27.6,0.85,,0.1,3.0,841.2,,32.425,,2.671,,1963214.0,6.292967642418925
SNL/MSU/DOE,MD-X[(0)2/M/±45/(0)2)],0/0/0/45/-45/0/0,PE,UNK,UNK,35.0,,85.0,10.0,0.0,5.0,4.52,,25.0,,,,276.0,27.6,1.26,0.126,0.1,10.0,612.0,-438.3333333333333,24.63333333333334,25.96666666666667,2.69,-1.806666666666667,255862.0,5.408005790319548
SNL/MSU/DOE,MD-X[(90)2/M/±45/(90)2)],90/90/0/45/-45/90/90,PE,UNK,UNK,35.0,,0.0,10.0,85.0,5.0,4.52,,25.0,,,,28.0,2.8,0.28,0.028,0.1,2.0,43.5,-159.5,8.325000000000001,,0.7474999999999999,,1083.0,3.03462845662532
SNL/MSU/DOE,MD-Y[(0)2/M/±45/(0)2)],0/0/0/45/-45/0/0,EP,UNK,UNK,35.0,,85.0,10.0,0.0,5.0,4.62,,25.0,,,,276.0,27.6,0.53,0.053,0.1,25.0,328.4166666666667,-324.6153846153846,15.675,,2.106666666666667,,251141.0,5.399917619205215
SNL/MSU/DOE,ROV2-UP2[0/90]4,0/90/0/90/0/90/0/90,PE,UNK,UNK,35.0,,50.0,0.0,50.0,100.0,4.08,,25.0,,,,241.0,24.1,1.45,,0.1,1.0,362.3333333333333,-243.75,21.3,,1.85,,1642.0,3.215373152783422
SNL/MSU/DOE,ROV3-UP2[0/90]5,0/90/0/90/0/90/0/90/0/90,PE,UNK,UNK,40.0,,50.0,0.0,50.0,100.0,3.15,,25.0,,,,207.0,20.7,1.35,0.135,0.1,2.0,421.6666666666667,-203.0,21.16666666666667,,2.333333333333333,,3055.0,3.485011214578573
SNL/MSU/DOE,ROV4-UP4[0/90]8,0/90/0/90/0/90/0/90/0/90/0/90/0/90/0/90,PE,UNK,UNK,53.0,,50.0,0.0,50.0,100.0,3.71,,25.0,,,,207.0,20.7,1.04,0.104,0.1,2.0,504.6666666666667,-314.0,25.0,,2.233333333333333,,1501.0,3.17638069224327
SNL/MSU/DOE,TRIAX-OC1800-EP1(±45/0)(±45/0),45/-45/0/45/-45/0,EP,UNK,UNK,55.0,,50.0,50.0,0.0,0.0,2.6,,,,,,414.0,41.40000000000001,1.63,,0.1,1.0,628.0,,29.7,,2.703333333333333,,3816.0,3.581608366032058
SNL/MSU/DOE,TRIAX-OC1800-EP1(±45/0)S,45/-45/0/0/-45/45,EP,UNK,UNK,57.0,,50.0,50.0,0.0,0.0,2.51,,,,,,414.0,41.40000000000001,1.63,,0.1,1.0,611.0,,29.03333333333333,,2.566666666666666,,5076.0,3.705521613422667
SNL/MSU/DOE,TRIAX-S1200-EP1(±45/0)S,45/-45/0/0/-45/45,EP,UNK,UNK,56.0,,48.0,51.0,0.0,1.0,1.63,,,,,,414.0,41.40000000000001,1.74,,0.1,1.0,589.0,,26.7,,2.635,,3977.0,3.59955559098598
SNL/MSU/DOE,TRIAX-S800-EP1(±45/0)S,45/-45/0/0/-45/45,EP,UNK,UNK,45.0,,49.0,50.0,0.0,1.0,1.33,,,,,,345.0,34.5,1.6,,0.1,1.0,614.3333333333334,,23.56666666666667,,2.991666666666667,,1757.0,3.244771761495295
SNL/MSU/DOE,Triax-AA-UP2[(±45/0)3/(0/±45)2],45/-45/0/45/-45/0/45/-45/0/0/45/-45/0/45/-45,PE,UNK,UNK,31.0,,48.0,52.0,0.0,0.0,4.37,,25.0,,,,241.0,24.1,1.53,0.153,0.1,5.0,509.7640449438202,-312.8817204301075,21.75694444444444,18.99166666666667,2.416164383561644,-1.55,1741.0,3.240798771117331
SNL/MSU/DOE,Triax-AA3-UP2[(±45/0)3]S,45/-45/0/45/-45/0/45/-45/0/0/-45/45/0/-45/45/0/-45/45,PE,UNK,UNK,48.0,,48.0,52.0,0.0,0.0,3.45,,25.0,,,,241.0,24.1,0.91,0.091,0.1,4.0,478.0,-284.0,24.73333333333333,,2.3,,3572.0,3.552911450216509
SNL/MSU/DOE,Triax-AA4-UP2[(±45/0)2]S,45/-45/0/45/-45/0/0/-45/45/0/-45/45,PE,UNK,UNK,38.0,,48.0,52.0,0.0,0.0,5.12,,25.0,,,,241.0,24.1,1.36,0.136,0.1,2.0,376.5,-449.3333333333333,21.45,,2.035,,1203.0,3.080265627339845
SNL/MSU/DOE,Triax-DD27A-UP2[0/±45]S,0/45/-45/-45/45/0,PE,UNK,UNK,32.0,,76.0,24.0,0.0,0.0,4.08,,22.0,,,,207.0,20.7,1.22,0.122,0.1,3.0,566.3333333333334,-380.6666666666667,21.63333333333334,,3.0,,11981.0,4.078493068166573
SNL/MSU/DOE,Triax-DD27B-UP2[0/±45]S,0/45/-45/-45/45/0,PE,UNK,UNK,42.0,,76.0,24.0,0.0,0.0,3.16,,22.0,,,,345.0,34.5,1.43,0.143,0.1,1.0,667.3333333333334,-321.3333333333333,25.43333333333333,,2.933333333333334,,1918.0,3.282848602834645
SNL/MSU/DOE,Triax-F[(±45/0)3]S,45/-45/0/45/-45/0/45/-45/0/0/-45/45/0/-45/45/0/-45/45,PE,UNK,UNK,35.0,,48.0,52.0,0.0,0.0,,,25.0,,,,195.0,19.5,,,0.1,5.0,357.3333333333333,-363.75,17.2,,2.573333333333333,,2689.0,3.429590802223302
SNL/MSU/DOE,Triax-G[(0/±45)3]S,0/45/-45/0/45/-45/0/45/-45/-45/45/0/-45/45/0/-45/45/0,PE,UNK,UNK,39.0,,48.0,52.0,0.0,0.0,,,25.0,,,,190.0,19.0,,,0.1,5.0,361.0,-258.0,18.075,,2.1125,,2637.0,3.421110129793434
SNL/MSU/DOE,Triax-H[(±45/0)3]S,45/-45/0/45/-45/0/45/-45/0/0/-45/45/0/-45/45/0/-45/45,PE,UNK,UNK,39.0,,48.0,70.0,30.0,0.0,6.58,,25.0,,,,172.0,17.2,0.68,0.068,0.1,5.0,572.8181818181819,-372.6666666666667,24.8875,,2.253333333333333,,45360.0,4.65667304588485
SNL/MSU/DOE,Triax-J[(0/±45)3]S,0/45/-45/0/45/-45/0/45/-45/-45/45/0/-45/45/0/-45/45/0,PE,UNK,UNK,39.0,,48.0,70.0,30.0,0.0,6.63,,25.0,,,,172.0,17.2,0.77,0.077,0.1,5.0,573.6666666666666,-329.6666666666667,25.23333333333333,,2.715,,17882.0,4.252416090544274
SNL/MSU/DOE,Triax-M[(0/±45)4],0/45/-45/0/45/-45/0/45/-45/0/45/-45,VE,UNK,UNK,38.0,,50.0,50.0,0.0,0.0,3.1,,50.0,,,,69.0,6.9,0.32,0.032,0.1,15.0,516.0,-286.0,20.6,,2.76,,17764694.0,7.249557731090418
SNL/MSU/DOE,Triax-N[(0/±45)4],0/45/-45/0/45/-45/0/45/-45/0/45/-45,PE,UNK,UNK,38.0,,50.0,50.0,0.0,0.0,3.23,,25.0,,,,388.0,38.8,2.74,0.274,0.1,1.0,369.0,-317.6666666666667,16.725,,3.055,,27.0,1.431363764158987
SNL/MSU/DOE,Triax-N[(90/±45)4],90/45/-45/90/45/-45/90/45/-45/90/45/-45,PE,UNK,UNK,38.0,,0.0,50.0,50.0,0.0,3.23,,25.0,,,,54.0,5.4,1.34,0.134,0.1,1.0,219.3333333333333,-131.0,15.035,,2.846666666666666,,6479.0,3.811507979945327
SNL/MSU/DOE,Triax-R[0/±45]4,0/45/-45/0/45/-45/0/45/-45/0/45/-45,PE,UNK,UNK,30.0,,53.0,47.0,0.0,0.0,3.56,,50.0,,,,138.0,13.8,0.93,0.093,0.1,15.0,436.8,-310.1666666666667,16.96666666666667,,2.846666666666666,,8170168.0,6.912230986853445
SNL/MSU/DOE,Triax-T[(0/±45)5],0/45/-45/0/45/-45/0/45/-45/0/45/-45/0/45/-45,PE,UNK,UNK,30.0,,53.0,47.0,0.0,0.0,4.34,,50.0,,,,145.0,14.5,,,0.1,15.0,329.0,-290.0,17.7,,3.47,,64333.0,4.808433804051806
SNL/MSU/DOE,Triax-U[(0/±45)5],0/45/-45/0/45/-45/0/45/-45/0/45/-45/0/45/-45,PE,UNK,UNK,27.0,,53.0,47.0,0.0,0.0,4.55,,50.0,,,,138.0,13.8,,,0.1,10.0,391.0,-354.5,21.2,,2.51,,14573.0,4.16354896490181
SNL/MSU/DOE,Triax-V[(0/±45)5],0/45/-45/0/45/-45/0/45/-45/0/45/-45/0/45/-45,PE,UNK,UNK,33.0,,53.0,47.0,0.0,0.0,3.33,,50.0,,,,138.0,13.8,,,0.1,5.0,420.2,-379.3333333333333,19.56,,2.174,,28861.0,4.460311374815615
SNL/MSU/DOE,UNI-(0)2-UP2[0]2,0/0,PE,UNK,UNK,50.0,,100.0,0.0,0.0,0.0,0.8,,6.0,,,,690.0,69.0,1.49,0.149,0.1,20.0,1429.964285714286,-608.5,40.98571428571429,39.22,2.803548387096774,-1.684285714285714,2982.0,3.474507639116976
SNL/MSU/DOE,UNI-(90)4-UP2[90]4,90/90/90/90,PE,UNK,UNK,38.0,,0.0,0.0,100.0,0.0,1.38,,13.0,,,,-7.6,-76.0,-0.084,-0.84,10.0,40.0,20.52941176470588,-127.2,8.720588235294118,8.96,0.2383529411764706,-1.412,76674.0,4.884648120522616
SNL/MSU/DOE,UNI-90D155E2-SC14[90]6,90/90/90/90/90/90,EP,UNK,UNK,36.0,,0.0,0.0,0.0,100.0,3.41,,25.0,,,,27.6,2.76,0.35,0.035,0.1,0.1,40.33333333333334,-151.5,7.419999999999999,,0.5466666666666667,,254.0,2.404833716619938
SNL/MSU/DOE,UNI-90D155V-VE[90]6,90/90/90/90/90/90,VE,UNK,UNK,37.0,,0.0,0.0,0.0,100.0,2.98,,25.0,,,,20.7,2.07,0.19,0.019,0.1,10.0,49.26666666666667,-167.0,9.233333333333333,,0.4766666666666667,,223965.0,5.350180154519367
SNL/MSU/DOE,UNI-90D155V2-VE2[90]6,90/90/90/90/90/90,VE,UNK,UNK,37.0,,0.0,0.0,0.0,100.0,3.31,,25.0,,,,34.5,3.45,0.41,0.041,0.1,2.0,52.96666666666667,-171.25,9.023333333333332,,0.5933333333333334,,1486.0,3.172018809424557
SNL/MSU/DOE,UNI-A060-UP2[0]10,0/0/0/0/0/0/0/0/0/0,PE,UNK,UNK,46.0,,100.0,0.0,0.0,0.0,1.76,,25.0,,,,345.0,34.5,1.21,0.121,0.1,5.0,579.6666666666666,-315.2,30.93333333333333,,1.916666666666667,,13952.0,4.144636467588492
SNL/MSU/DOE,UNI-A130C-UP2[0]6,0/0/0/0/0/0,PE,UNK,UNK,36.0,,100.0,0.0,0.0,0.0,2.97,,25.0,,,,414.0,41.40000000000001,1.33,0.133,0.1,5.0,727.6666666666666,-372.6,30.0,,2.433333333333333,,15268.0,4.183782151277061
SNL/MSU/DOE,UNI-A130G-UP2[0]6,0/0/0/0/0/0,PE,UNK,UNK,55.0,,100.0,0.0,0.0,0.0,4.38,,25.0,,,,690.0,69.0,1.43,0.143,0.1,2.0,1202.666666666667,-423.25,45.53333333333333,,2.626666666666666,,938.0,2.972202838379065
SNL/MSU/DOE,UNI-A260-UP2[0]4,0/0/0/0,PE,UNK,UNK,37.0,,100.0,0.0,0.0,0.0,3.71,,25.0,,,,448.0,44.8,1.35,0.135,0.1,5.0,776.0,-440.8333333333333,27.3,,2.833333333333333,,51850.0,4.71474876072506
SNL/MSU/DOE,UNI-AGY S1HM-EP1[0]2,0/0,EP,UNK,UNK,49.8,,92.0,0.0,0.0,0.0,1.8,,,,,,414.0,41.40000000000001,1.0,,0.1,2.0,1211.1,,44.91,,2.924,,95701.0,4.980916475835494
SNL/MSU/DOE,UNI-AGYTOW1-UP4[0],0,PE,UNK,UNK,50.0,,100.0,0.0,0.0,0.0,,,,,,,2340.0,234.0,2.72,0.272,0.1,20.0,4507.444444444444,,5.16,,4.767777777777778,,711105.0,5.851933732310322
SNL/MSU/DOE,UNI-A[0]5,0/0/0/0/0,PE,UNK,UNK,30.0,,100.0,0.0,0.0,0.0,3.68,,25.0,,,,125.0,12.5,,,0.1,10.0,567.125,-313.3333333333333,21.58,,2.558,,1996768.0,6.300327608099095
SNL/MSU/DOE,UNI-B[0]5,0/0/0/0/0,VE,UNK,UNK,25.0,,100.0,0.0,0.0,0.0,3.45,,25.0,,,,370.0,37.0,2.06,0.206,0.1,1.0,544.1111111111111,-287.2,21.8375,,2.71125,,2584.0,3.412292509323047
SNL/MSU/DOE,UNI-CA-VE2[0]12,0/0/0/0/0/0/0/0/0/0/0/0,VE,UNK,UNK,48.0,,100.0,0.0,0.0,0.0,2.82,,18.0,,,,1207.0,120.7,0.9,0.09,0.1,1.0,1511.333333333333,-577.75,114.0,,1.326666666666667,,9.0,0.9542425094393248
SNL/MSU/DOE,UNI-CM1701A-UP2[0]5,0/0/0/0/0,PE,UNK,UNK,38.0,,100.0,0.0,0.0,0.0,3.2,,25.0,,,,483.0,48.3,1.63,0.163,0.1,2.0,796.0,-573.0,30.06666666666666,,2.666666666666667,,784.0,2.894316062684438
SNL/MSU/DOE,UNI-D072A-UP2[0]10,0/0/0/0/0/0/0/0/0/0,PE,UNK,UNK,33.0,,100.0,0.0,0.0,0.0,3.3,,25.0,,,,-34.5,-345.0,,,10.0,5.0,799.0,-559.3333333333334,28.46666666666667,,2.833333333333333,,87741.0,4.943202579829663
SNL/MSU/DOE,UNI-D092B-UP2[0]9,0/0/0/0/0/0/0/0/0,PE,UNK,UNK,39.0,,100.0,0.0,0.0,0.0,2.76,,25.0,,,,552.0,55.2,1.6,0.16,0.1,4.0,907.8333333333334,-674.5,34.16666666666666,,2.686666666666666,,8610.0,3.935003151453655
SNL/MSU/DOE,UNI-D092D-UP2[0]7,0/0/0/0/0/0/0,PE,UNK,UNK,33.0,,100.0,0.0,0.0,0.0,2.64,,25.0,,,,482.0,48.2,1.98,0.198,0.1,2.0,730.6666666666666,-539.75,25.6,,2.846666666666666,,3342.0,3.524006445557373
SNL/MSU/DOE,UNI-D092F-UP2[0]12,0/0/0/0/0/0/0/0/0/0/0/0,PE,UNK,UNK,49.0,,100.0,0.0,0.0,0.0,3.0,,25.0,,,,414.0,41.40000000000001,0.97,0.097,0.1,15.0,1134.75,-679.0,40.1,,2.925,,221920.0,5.34619644372921
SNL/MSU/DOE,UNI-D092G-UP2[0]14,0/0/0/0/0/0/0/0/0/0/0/0/0/0,PE,UNK,UNK,52.0,,100.0,0.0,0.0,0.0,3.25,,25.0,,,,690.0,69.0,1.62,0.162,0.1,2.0,1168.0,-692.25,43.36666666666667,,2.733333333333333,,484.0,2.684845361644412
SNL/MSU/DOE,UNI-D155B-UP2[0]5,0/0/0/0/0,PE,UNK,UNK,40.0,,100.0,0.0,0.0,0.0,2.7,,25.0,,,,552.0,55.2,1.86,0.186,0.1,2.0,826.0769230769231,-653.0,30.66,,2.754444444444444,,1831.0,3.262688344301696
SNL/MSU/DOE,UNI-D155C-UP2[0]7,0/0/0/0/0/0/0,PE,UNK,UNK,47.0,,100.0,0.0,0.0,0.0,2.99,,25.0,,,,827.0,82.7,2.55,0.255,0.1,2.0,1187.0,,33.5,,3.553333333333333,,315.0,2.4983105537896
SNL/MSU/DOE,UNI-D155C2-UP2[0]7,0/0/0/0/0/0/0,PE,UNK,UNK,47.0,,100.0,0.0,0.0,0.0,2.99,,25.0,,,,552.0,55.2,1.18,0.118,0.1,5.0,1163.0,-793.5,43.13333333333333,,2.693333333333333,,19546.0,4.291057894434276
SNL/MSU/DOE,UNI-D155G-UP2[0]8,0/0/0/0/0/0/0/0,PE,UNK,UNK,58.0,,100.0,0.0,0.0,0.0,2.81,,25.0,,,,690.0,69.0,1.39,0.139,0.1,4.0,1108.866666666667,-730.0869565217391,47.76666666666667,,2.733333333333333,,4546.0,3.657629431388952
SNL/MSU/DOE,UNI-D155H-UP2[0]7,0/0/0/0/0/0/0,PE,UNK,UNK,52.0,,100.0,0.0,0.0,0.0,2.93,,25.0,,,,552.0,55.2,1.6,0.16,0.1,5.0,1030.571428571429,-755.3333333333334,37.87142857142857,,2.757142857142857,,39227.0,4.593585095453896
SNL/MSU/DOE,UNI-D155J-UP2[0]9,0/0/0/0/0/0/0/0/0,PE,UNK,UNK,58.0,,100.0,0.0,0.0,0.0,3.54,,25.0,,,,690.0,69.0,1.54,0.154,0.1,5.0,1142.666666666667,-775.75,48.63333333333333,,2.533333333333333,,6213.0,3.793301353613115
SNL/MSU/DOE,UNI-D155K-UP2[0]7,0/0/0/0/0/0/0,PE,UNK,UNK,33.0,,100.0,0.0,0.0,0.0,4.45,,25.0,,,,414.0,41.40000000000001,1.58,0.158,0.1,2.0,441.7666666666667,-550.3333333333334,18.58,,1.641666666666667,,7569.0,3.879038505237237
SNL/MSU/DOE,UNI-ELT5500-EP1[0]2,0/0,EP,UNK,UNK,59.0,,92.0,0.0,6.0,2.0,2.39,,,,,,483.0,48.3,1.15,,0.1,1.0,1162.166666666667,,44.9,,2.876666666666667,,8059.0,3.906281155772153
SNL/MSU/DOE,UNI-ELT5500-EP1[0]6,0/0/0/0/0/0,EP,UNK,UNK,57.0,,92.0,0.0,6.0,2.0,2.06,,,,,,552.0,55.2,1.45,,0.1,2.0,1263.0,,44.1,,3.4,,48285.0,4.683812235741295
SNL/MSU/DOE,UNI-ELT5500-UP5[0]2,0/0,PE,UNK,UNK,57.6915190288714,,92.0,0.0,6.0,2.0,2.44,,,,,,621.0,62.1,1.4,,0.1,1.0,1093.666666666667,,44.13333333333333,,2.553333333333333,,564.0,2.751279103983342
SNL/MSU/DOE,UNI-ELT5500-VE4[0]2,0/0,VE,UNK,UNK,59.0,,92.0,0.0,6.0,2.0,2.42,,,,,,414.0,41.40000000000001,1.01,,0.1,2.5,1092.5,,43.40000000000001,,2.8,,31715.0,4.501264715733482
SNL/MSU/DOE,UNI-L[0]3,0/0/0,PE,UNK,UNK,51.0,,100.0,0.0,0.0,0.0,2.46,,25.0,,,,410.0,41.0,1.18,0.118,0.1,1.0,748.4,-365.2857142857143,35.26000000000001,,2.202,,2580.0,3.41161970596323
SNL/MSU/DOE,UNI-MM1(0)N,0,EP,UNK,UNK,55.0,,100.0,0.0,0.0,0.0,3.0,,25.0,,,,621.0,62.1,1.44,0.144,0.1,1.0,1036.0,,40.13333333333333,,2.586666666666666,,1787.0,3.252124552505644
SNL/MSU/DOE,UNI-MM2(0)N,0,EP,UNK,UNK,53.0,,100.0,0.0,0.0,0.0,3.0,,25.0,,,,621.0,62.1,1.49,0.149,0.1,1.0,924.3333333333334,,39.93333333333333,,2.3,,280.0,2.447158031342219
SNL/MSU/DOE,UNI-Neptco Rodpack[0]2,0/0,EP,UNK,UNK,59.9,,100.0,0.0,0.0,0.0,3.45,,,,,,-69.0,-690.0,,-1.34,10.0,1.0,1214.25,,49.325,,2.525,,21094.0,4.324158941674477
SNL/MSU/DOE,UNI-Neptco Rodpack[0]4,0/0/0/0,EP,UNK,UNK,59.9,,100.0,0.0,0.0,0.0,3.48,,,,,,517.0,-517.0,1.01,-1.01,-1.0,1.0,1119.666666666667,-986.3333333333334,47.2,47.2,2.466666666666667,-1.92,492.0,2.691965102767361
SNL/MSU/DOE,UNI-OCV1000-EP1[0]2,0/0,EP,UNK,UNK,54.0,,97.0,0.0,2.0,1.0,1.39,,,,,,483.0,48.3,1.22,,0.1,2.0,939.6666666666666,,42.46666666666667,,2.533333333333333,,6273.0,3.797475287537334
SNL/MSU/DOE,UNI-OCV1200-EP1[0]2,0/0,EP,UNK,UNK,56.0,,95.0,0.0,4.0,1.0,1.69,,,,,,483.0,48.3,1.17,,0.1,2.0,953.0,,43.9,,2.4,,2635.0,3.420780619548565
SNL/MSU/DOE,UNI-OCV1322-EP1[0]2,0/0,EP,UNK,UNK,57.0,,95.0,0.0,4.0,1.0,1.89,,,,,,483.0,48.3,1.12,,0.1,2.0,1081.0,,44.86666666666667,,2.8,,18173.0,4.259426626587052
SNL/MSU/DOE,UNI-PPG1200-EP1[0]2,0/0,EP,UNK,UNK,56.0,,92.0,0.0,8.0,0.0,1.77,,,,,,690.0,69.0,1.71,,0.1,1.0,973.9375,,40.45,,2.641428571428571,,817.0,2.912222056532416
SNL/MSU/DOE,UNI-PPG1200-EP5[90]4,90/90/90/90,EP,UNK,UNK,61.0,,8.0,0.0,92.0,0.0,3.26,,,,,,41.4,4.14,0.25,,0.1,2.0,65.25,,16.30833333333334,,0.3991666666666667,,3644.0,3.561578368300961
SNL/MSU/DOE,UNI-PPG1200-PU[0]6,0/0/0/0/0/0,,UNK,UNK,59.0,,92.0,0.0,8.0,0.0,4.99,,,,,,414.0,-414.0,1.01,-1.01,-1.0,1.3,1060.2,-745.0,40.59999999999999,42.36666666666667,2.904,-1.84,10144.0,4.006209240537657
SNL/MSU/DOE,UNI-PPG1200-UP5[0]2,0/0,PE,UNK,UNK,58.0,,92.0,0.0,8.0,0.0,1.68,,,,,,276.0,27.6,0.68,,0.1,2.5,929.0,,40.6,,2.675,,24174.0,4.383348517772022
SNL/MSU/DOE,UNI-PPG1200-VE2[0]2,0/0,VE,UNK,UNK,55.0,,92.0,0.0,8.0,0.0,1.79,,,,,,345.0,34.5,0.85,,0.1,2.0,953.3333333333334,,44.16666666666666,,2.398333333333333,,43611.0,4.639596045157781
SNL/MSU/DOE,UNI-PPG1200-VE4[0]2,0/0,VE,UNK,UNK,58.0,,92.0,0.0,8.0,0.0,1.71,,,,,,345.0,34.5,0.85,,0.1,3.0,911.6666666666666,,40.6,,2.433333333333334,,63127.0,4.800215150733914
SNL/MSU/DOE,UNI-PPG1250-EP10[0]2,0/0,EP,UNK,UNK,,,92.0,0.0,8.0,0.0,1.6,,,,,,621.0,62.1,,,0.1,1.0,776.6,,46.3,,1.738,,163.0,2.212187604403958
SNL/MSU/DOE,UNI-PPG1250-EP1[0]2,0/0,EP,UNK,UNK,54.6,,92.0,0.0,8.0,0.0,1.8,,,,,,483.0,48.3,1.23,,0.1,2.0,964.0,,43.06666666666666,,2.383333333333333,,49564.0,4.695166348305869
SNL/MSU/DOE,UNI-PPG1250-EP5[0]2,0/0,EP,UNK,UNK,56.0,,92.0,0.0,8.0,0.0,1.74,,,,,,483.0,48.3,1.21,0.121,0.1,2.0,1007.833333333333,,42.55,,2.666666666666667,,3281.0,3.516006230386048
SNL/MSU/DOE,UNI-PPG1250-EP9[0]2,0/0,EP,UNK,UNK,,,92.0,0.0,8.0,0.0,1.63,,,,,,621.0,62.1,1.41,,0.1,1.0,883.0,,44.18,,2.098,,446.0,2.649334858712142
SNL/MSU/DOE,UNI-PPGHYBON2400-EP5[0]4,0/0/0/0,EP,UNK,UNK,61.7,,100.0,0.0,0.0,0.0,1.56,,,,,,552.0,55.2,1.2,,0.1,2.0,1369.25,,47.02500000000001,,3.125,,924942.0,5.96611450044747
SNL/MSU/DOE,UNI-PPGHYBON2400-UP5[0]4,0/0/0/0,PE,UNK,UNK,69.9,,100.0,0.0,0.0,0.0,1.37,,,,,,690.0,69.0,1.52,,0.1,1.0,1381.666666666667,,52.0,,2.883333333333333,,9303.0,3.968623020956989
SNL/MSU/DOE,UNI-PPGHYBON2400-VE4[0],0,VE,UNK,UNK,68.0,,100.0,0.0,0.0,0.0,1.98,,,,,,621.0,62.1,1.31,,0.1,2.0,1339.666666666667,,47.76666666666667,,3.076666666666667,,122552.0,5.088320403159506
SNL/MSU/DOE,UNI-PPGHYBON2400-VE5[0]4,0/0/0/0,VE,UNK,UNK,48.1,,100.0,0.0,0.0,0.0,2.01,,,,,,896.0,89.60000000000001,2.68,,0.1,1.0,1050.0,,35.93333333333334,,3.033333333333333,,1202.0,3.079904467666721
SNL/MSU/DOE,UNI-PPGHYBON2400-VE6[0]4,0/0/0/0,VE,UNK,UNK,44.1,,100.0,0.0,0.0,0.0,2.18,,,,,,827.0,82.7,2.31,,0.1,2.0,1092.666666666667,,38.7,,3.0,,8248.0,3.91634865227546
SNL/MSU/DOE,UNI-PPGHYBON4400-VE4[0],0,VE,UNK,UNK,62.0,,100.0,0.0,0.0,0.0,2.15,,,,,,483.0,48.3,1.0,,0.1,2.0,1412.333333333333,,49.33333333333334,,3.066666666666666,,46056.0,4.663286216447077
SNL/MSU/DOE,UNI-UNI21-VE2[0]4,0/0/0/0,VE,UNK,UNK,40.0,,100.0,0.0,0.0,0.0,3.84,,25.0,,,,-41.4,-414.0,,,10.0,1.0,965.3333333333334,-541.5,84.11666666666666,,1.151666666666667,,7.0,0.8450980400142568
SNL/MSU/DOE,UNI-UNI25-VE2[0],0,VE,UNK,UNK,45.0,,100.0,0.0,0.0,0.0,1.09,,25.0,,,,1069.0,106.9,,,0.1,2.0,1270.0,-345.5,88.0,,1.53,,174838.0,5.242635829881606
SNL/MSU/DOE,Zoltek PX35[0],0,EP,UNK,UNK,62.0,,100.0,0.0,0.0,0.0,1.78,,,,,,2069.0,206.9,1.4,,0.1,1.0,2215.166666666667,-1505.375,141.6666666666667,131.75,,,43.0,1.633468455579587
OptiMat,"[+/-45 ,UD]4;[+/-45] R0400MD2",45/-45/0/45/-45/0/45/-45/0/45/-45/0/45/-45,EP,UNK,Load,,,,,,,6.55,2.0,24.55,150.0,40.0,160.8025,259.013385985914,-259.013385985914,0.97,,-1.0,1.33,,-522.920511670429,29.1,31.8,,-1.95,336.0,2.526339277389844
OptiMat,"[+/-45 ,UD]4;[+/-45] R0500MD2",45/-45/0/45/-45/0/45/-45/0/45/-45/0/45/-45,EP,UNK,Load,,,,,,,6.56,,25.02,,,164.1312,199.35271295159,-199.35271295159,0.79,,-1.0,1.64,,-501.621427147601,27.4,25.6,,-2.0,1897.0,3.278067330888663
